/*******************************************************************************
 * Size: 32 px
 * Bpp: 4
 * Opts: --bpp 4 --size 32 --no-compress --stride 1 --align 1 --font Audiowide-Regular.ttf --range 32-127 --format lvgl -o convex32.c
 ******************************************************************************/

#ifdef __has_include
    #if __has_include("lvgl.h")
        #ifndef LV_LVGL_H_INCLUDE_SIMPLE
            #define LV_LVGL_H_INCLUDE_SIMPLE
        #endif
    #endif
#endif

#ifdef LV_LVGL_H_INCLUDE_SIMPLE
    #include "lvgl.h"
#else
    #include "lvgl/lvgl.h"
#endif



#ifndef CONVEX32
#define CONVEX32 1
#endif

#if CONVEX32

/*-----------------
 *    BITMAPS
 *----------------*/

/*Store the image of the glyphs*/
static LV_ATTRIBUTE_LARGE_CONST const uint8_t glyph_bitmap[] = {
    /* U+0020 " " */

    /* U+0021 "!" */
    0x2f, 0xff, 0xf7, 0x1f, 0xff, 0xf6, 0xf, 0xff,
    0xf5, 0xf, 0xff, 0xf5, 0xf, 0xff, 0xf4, 0xe,
    0xff, 0xf3, 0xd, 0xff, 0xf2, 0xc, 0xff, 0xf1,
    0xb, 0xff, 0xf0, 0xa, 0xff, 0xf0, 0x9, 0xff,
    0xe0, 0x8, 0xff, 0xd0, 0x7, 0xff, 0xd0, 0x6,
    0xff, 0xc0, 0x6, 0xff, 0xb0, 0x5, 0xff, 0xa0,
    0x4, 0xff, 0x90, 0x0, 0x0, 0x0, 0x0, 0x0,
    0x0, 0x3, 0xef, 0x70, 0xb, 0xff, 0xf1, 0xb,
    0xff, 0xf1, 0x2, 0xde, 0x60,

    /* U+0022 "\"" */
    0x6e, 0xee, 0x40, 0xee, 0xea, 0x6f, 0xff, 0x30,
    0xff, 0xfa, 0x5f, 0xff, 0x20, 0xef, 0xf9, 0x3f,
    0xff, 0x0, 0xcf, 0xf7, 0x2f, 0xff, 0x0, 0xbf,
    0xf6, 0x1f, 0xfe, 0x0, 0xaf, 0xf5, 0xf, 0xfc,
    0x0, 0x9f, 0xf3, 0xf, 0xfb, 0x0, 0x7f, 0xf2,

    /* U+0023 "#" */
    0x0, 0x0, 0x0, 0x6, 0x88, 0x70, 0x0, 0x8,
    0x88, 0x50, 0x0, 0x0, 0x0, 0x0, 0xf, 0xff,
    0xc0, 0x0, 0x4f, 0xff, 0x80, 0x0, 0x0, 0x0,
    0x0, 0x3f, 0xff, 0x90, 0x0, 0x8f, 0xff, 0x40,
    0x0, 0x0, 0x0, 0x0, 0x7f, 0xff, 0x50, 0x0,
    0xcf, 0xff, 0x0, 0x0, 0x0, 0x0, 0x0, 0xbf,
    0xff, 0x10, 0x0, 0xff, 0xfc, 0x0, 0x0, 0x0,
    0x3a, 0xaa, 0xff, 0xff, 0xaa, 0xab, 0xff, 0xfe,
    0xaa, 0xa1, 0x0, 0x8f, 0xff, 0xff, 0xff, 0xff,
    0xff, 0xff, 0xff, 0xff, 0xe0, 0x0, 0xcf, 0xff,
    0xff, 0xff, 0xff, 0xff, 0xff, 0xff, 0xff, 0xb0,
    0x0, 0xff, 0xff, 0xff, 0xff, 0xff, 0xff, 0xff,
    0xff, 0xff, 0x80, 0x0, 0x0, 0xd, 0xff, 0xf0,
    0x0, 0x1f, 0xff, 0xb0, 0x0, 0x0, 0x0, 0x0,
    0xf, 0xff, 0xc0, 0x0, 0x5f, 0xff, 0x70, 0x0,
    0x0, 0x0, 0x0, 0x3f, 0xff, 0x90, 0x0, 0x8f,
    0xff, 0x40, 0x0, 0x0, 0x0, 0x0, 0x7f, 0xff,
    0x50, 0x0, 0xbf, 0xff, 0x10, 0x0, 0x0, 0x2f,
    0xff, 0xff, 0xff, 0xff, 0xff, 0xff, 0xff, 0xff,
    0xf5, 0x0, 0x6f, 0xff, 0xff, 0xff, 0xff, 0xff,
    0xff, 0xff, 0xff, 0xf1, 0x0, 0x9f, 0xff, 0xff,
    0xff, 0xff, 0xff, 0xff, 0xff, 0xff, 0xe0, 0x0,
    0x8a, 0xac, 0xff, 0xfd, 0xaa, 0xae, 0xff, 0xfb,
    0xaa, 0x70, 0x0, 0x0, 0x8, 0xff, 0xf4, 0x0,
    0xc, 0xff, 0xf0, 0x0, 0x0, 0x0, 0x0, 0xb,
    0xff, 0xf1, 0x0, 0xf, 0xff, 0xc0, 0x0, 0x0,
    0x0, 0x0, 0xf, 0xff, 0xd0, 0x0, 0x3f, 0xff,
    0x90, 0x0, 0x0, 0x0, 0x0, 0x2f, 0xff, 0xa0,
    0x0, 0x7f, 0xff, 0x50, 0x0, 0x0, 0x0, 0x0,
    0x6f, 0xff, 0x60, 0x0, 0xaf, 0xff, 0x20, 0x0,
    0x0, 0x0,

    /* U+0024 "$" */
    0x0, 0x0, 0x5, 0xff, 0xf5, 0x0, 0x0, 0x0,
    0x0, 0x0, 0x5f, 0xff, 0x50, 0x0, 0x0, 0x0,
    0x0, 0x5, 0xff, 0xf5, 0x0, 0x0, 0x0, 0x0,
    0x0, 0x5f, 0xff, 0x50, 0x0, 0x0, 0x0, 0x4,
    0xbe, 0xff, 0xfc, 0xbb, 0xb0, 0x0, 0x9, 0xff,
    0xff, 0xff, 0xff, 0xff, 0x0, 0x7, 0xff, 0xff,
    0xff, 0xff, 0xff, 0xf0, 0x0, 0xff, 0xff, 0xff,
    0xff, 0xff, 0xff, 0x0, 0x6f, 0xff, 0xc1, 0x0,
    0x0, 0x0, 0x0, 0x9, 0xff, 0xf3, 0x0, 0x0,
    0x0, 0x0, 0x0, 0xcf, 0xff, 0xff, 0xff, 0xff,
    0xff, 0xfe, 0x3c, 0xff, 0xff, 0xff, 0xff, 0xff,
    0xff, 0xfc, 0xaf, 0xff, 0xff, 0xff, 0xff, 0xff,
    0xff, 0xc1, 0x8a, 0xaa, 0xaa, 0xaa, 0xab, 0xff,
    0xfb, 0x0, 0x0, 0x0, 0x0, 0x0, 0x7f, 0xff,
    0x70, 0xa, 0xaa, 0xaa, 0xaa, 0xbf, 0xff, 0xf2,
    0x0, 0xff, 0xff, 0xff, 0xff, 0xff, 0xfa, 0x0,
    0xf, 0xff, 0xff, 0xff, 0xff, 0xfb, 0x0, 0x0,
    0xff, 0xff, 0xff, 0xff, 0xc6, 0x0, 0x0, 0x0,
    0x0, 0x5f, 0xff, 0x50, 0x0, 0x0, 0x0, 0x0,
    0x5, 0xff, 0xf5, 0x0, 0x0, 0x0, 0x0, 0x0,
    0x5f, 0xff, 0x50, 0x0, 0x0, 0x0, 0x0, 0x5,
    0xff, 0xf5, 0x0, 0x0, 0x0,

    /* U+0025 "%" */
    0x0, 0x18, 0xdf, 0xe9, 0x10, 0x0, 0x0, 0x0,
    0xaf, 0xff, 0x10, 0x0, 0x0, 0x2, 0xef, 0xff,
    0xff, 0xe3, 0x0, 0x0, 0x3, 0xff, 0xf7, 0x0,
    0x0, 0x0, 0xd, 0xff, 0xff, 0xff, 0xfe, 0x0,
    0x0, 0xc, 0xff, 0xe0, 0x0, 0x0, 0x0, 0x6f,
    0xff, 0xc8, 0xcf, 0xff, 0x60, 0x0, 0x6f, 0xff,
    0x50, 0x0, 0x0, 0x0, 0xaf, 0xfd, 0x0, 0xc,
    0xff, 0xb0, 0x0, 0xef, 0xfc, 0x0, 0x0, 0x0,
    0x0, 0xbf, 0xf8, 0x0, 0x7, 0xff, 0xc0, 0x8,
    0xff, 0xf3, 0x0, 0x0, 0x0, 0x0, 0xaf, 0xfb,
    0x0, 0xb, 0xff, 0xb0, 0x2f, 0xff, 0x90, 0x0,
    0x0, 0x0, 0x0, 0x6f, 0xff, 0x95, 0x9f, 0xff,
    0x60, 0xbf, 0xff, 0x10, 0x0, 0x0, 0x0, 0x0,
    0xd, 0xff, 0xff, 0xff, 0xfe, 0x4, 0xff, 0xf7,
    0x0, 0x0, 0x0, 0x0, 0x0, 0x2, 0xef, 0xff,
    0xff, 0xe3, 0xd, 0xff, 0xd0, 0x3, 0xae, 0xfc,
    0x60, 0x0, 0x0, 0x19, 0xef, 0xe9, 0x10, 0x6f,
    0xff, 0x40, 0x6f, 0xff, 0xff, 0xfb, 0x0, 0x0,
    0x0, 0x0, 0x0, 0x1, 0xef, 0xfb, 0x3, 0xff,
    0xff, 0xff, 0xff, 0x90, 0x0, 0x0, 0x0, 0x0,
    0x9, 0xff, 0xf2, 0xb, 0xff, 0xf8, 0x6d, 0xff,
    0xf1, 0x0, 0x0, 0x0, 0x0, 0x2f, 0xff, 0x90,
    0xf, 0xff, 0x70, 0x1, 0xff, 0xf5, 0x0, 0x0,
    0x0, 0x0, 0xbf, 0xfe, 0x10, 0x1f, 0xff, 0x30,
    0x0, 0xdf, 0xf7, 0x0, 0x0, 0x0, 0x5, 0xff,
    0xf6, 0x0, 0xf, 0xff, 0x60, 0x1, 0xff, 0xf6,
    0x0, 0x0, 0x0, 0xd, 0xff, 0xd0, 0x0, 0xb,
    0xff, 0xf7, 0x5c, 0xff, 0xf1, 0x0, 0x0, 0x0,
    0x7f, 0xff, 0x40, 0x0, 0x3, 0xff, 0xff, 0xff,
    0xff, 0x90, 0x0, 0x0, 0x1, 0xff, 0xfb, 0x0,
    0x0, 0x0, 0x6f, 0xff, 0xff, 0xfb, 0x0, 0x0,
    0x0, 0x9, 0xff, 0xf2, 0x0, 0x0, 0x0, 0x3,
    0xae, 0xfc, 0x60, 0x0,

    /* U+0026 "&" */
    0x0, 0x3, 0xae, 0xff, 0xff, 0xff, 0xff, 0xf9,
    0x0, 0x0, 0x0, 0x7f, 0xff, 0xff, 0xff, 0xff,
    0xff, 0xf9, 0x0, 0x0, 0x4, 0xff, 0xff, 0xff,
    0xff, 0xff, 0xff, 0xf9, 0x0, 0x0, 0xc, 0xff,
    0xfe, 0xba, 0xaa, 0xaa, 0xaa, 0xa6, 0x0, 0x0,
    0xf, 0xff, 0xd0, 0x0, 0x0, 0x0, 0x0, 0x0,
    0x0, 0x0, 0xf, 0xff, 0xa0, 0x0, 0x0, 0x0,
    0x0, 0x0, 0x0, 0x0, 0xe, 0xff, 0xf3, 0x0,
    0x0, 0x0, 0x0, 0x0, 0x0, 0x0, 0x9, 0xff,
    0xff, 0xff, 0xff, 0xff, 0x0, 0x0, 0x0, 0x0,
    0x1, 0xff, 0xff, 0xff, 0xff, 0xff, 0x0, 0x0,
    0x0, 0x0, 0x2, 0xff, 0xff, 0xff, 0xff, 0xff,
    0x0, 0x0, 0x0, 0x0, 0xb, 0xff, 0xfe, 0xba,
    0xaa, 0xaa, 0x0, 0x0, 0x0, 0x0, 0xf, 0xff,
    0xe0, 0x0, 0x0, 0x0, 0x0, 0x6, 0xdf, 0xf4,
    0xf, 0xff, 0xa0, 0x0, 0x0, 0x0, 0x0, 0x8f,
    0xff, 0xf4, 0x1f, 0xff, 0xa0, 0x0, 0x0, 0x0,
    0x0, 0xff, 0xff, 0xf4, 0xf, 0xff, 0xa0, 0x0,
    0x0, 0x0, 0x3, 0xff, 0xfd, 0xb3, 0xe, 0xff,
    0xe1, 0x0, 0x0, 0x0, 0x9, 0xff, 0xf5, 0x0,
    0x9, 0xff, 0xfe, 0xbb, 0xbb, 0xbb, 0xdf, 0xff,
    0xf1, 0x0, 0x2, 0xff, 0xff, 0xff, 0xff, 0xff,
    0xff, 0xff, 0xa0, 0x0, 0x0, 0x5f, 0xff, 0xff,
    0xff, 0xff, 0xff, 0xfb, 0x0, 0x0, 0x0, 0x2,
    0xae, 0xff, 0xff, 0xff, 0xfc, 0x60, 0x0, 0x0,

    /* U+0027 "'" */
    0x6e, 0xee, 0x46, 0xff, 0xf3, 0x5f, 0xff, 0x23,
    0xff, 0xf0, 0x2f, 0xff, 0x1, 0xff, 0xe0, 0xf,
    0xfc, 0x0, 0xff, 0xb0,

    /* U+0028 "(" */
    0x0, 0x0, 0x0, 0x28, 0x88, 0x87, 0x10, 0x0,
    0x0, 0x1e, 0xff, 0xff, 0x70, 0x0, 0x0, 0xb,
    0xff, 0xff, 0x80, 0x0, 0x0, 0x7, 0xff, 0xff,
    0xa0, 0x0, 0x0, 0x2, 0xff, 0xff, 0xd0, 0x0,
    0x0, 0x0, 0xbf, 0xff, 0xf2, 0x0, 0x0, 0x0,
    0x4f, 0xff, 0xf7, 0x0, 0x0, 0x0, 0xc, 0xff,
    0xfd, 0x0, 0x0, 0x0, 0x3, 0xff, 0xff, 0x40,
    0x0, 0x0, 0x0, 0xaf, 0xff, 0xc0, 0x0, 0x0,
    0x0, 0xe, 0xff, 0xf5, 0x0, 0x0, 0x0, 0x4,
    0xff, 0xfe, 0x0, 0x0, 0x0, 0x0, 0x8f, 0xff,
    0xa0, 0x0, 0x0, 0x0, 0xa, 0xff, 0xf6, 0x0,
    0x0, 0x0, 0x0, 0xcf, 0xff, 0x50, 0x0, 0x0,
    0x0, 0xc, 0xff, 0xf4, 0x0, 0x0, 0x0, 0x0,
    0xbf, 0xff, 0x50, 0x0, 0x0, 0x0, 0x9, 0xff,
    0xf8, 0x0, 0x0, 0x0, 0x0, 0x6f, 0xff, 0xc0,
    0x0, 0x0, 0x0, 0x1, 0xff, 0xff, 0x20, 0x0,
    0x0, 0x0, 0xc, 0xff, 0xf9, 0x0, 0x0, 0x0,
    0x0, 0x7f, 0xff, 0xe0, 0x0, 0x0, 0x0, 0x0,
    0xff, 0xff, 0x80, 0x0, 0x0, 0x0, 0x8, 0xff,
    0xff, 0x20, 0x0, 0x0, 0x0, 0x1e, 0xff, 0xfb,
    0x0, 0x0, 0x0, 0x0, 0x6f, 0xff, 0xf7, 0x0,
    0x0, 0x0, 0x0, 0xcf, 0xff, 0xf3, 0x0, 0x0,
    0x0, 0x2, 0xff, 0xff, 0xe2, 0x0, 0x0, 0x0,
    0x6, 0xff, 0xff, 0xd1, 0x0, 0x0, 0x0, 0x9,
    0xff, 0xff, 0xd1,

    /* U+0029 ")" */
    0x48, 0x88, 0x87, 0x0, 0x0, 0x0, 0x0, 0xcf,
    0xff, 0xfa, 0x0, 0x0, 0x0, 0x0, 0xcf, 0xff,
    0xf6, 0x0, 0x0, 0x0, 0x1, 0xef, 0xff, 0xf2,
    0x0, 0x0, 0x0, 0x3, 0xff, 0xff, 0xc0, 0x0,
    0x0, 0x0, 0x7, 0xff, 0xff, 0x50, 0x0, 0x0,
    0x0, 0xc, 0xff, 0xfe, 0x0, 0x0, 0x0, 0x0,
    0x3f, 0xff, 0xf6, 0x0, 0x0, 0x0, 0x0, 0xaf,
    0xff, 0xd0, 0x0, 0x0, 0x0, 0x2, 0xff, 0xff,
    0x40, 0x0, 0x0, 0x0, 0xa, 0xff, 0xf9, 0x0,
    0x0, 0x0, 0x0, 0x5f, 0xff, 0xe0, 0x0, 0x0,
    0x0, 0x0, 0xff, 0xff, 0x20, 0x0, 0x0, 0x0,
    0xc, 0xff, 0xf5, 0x0, 0x0, 0x0, 0x0, 0xbf,
    0xff, 0x60, 0x0, 0x0, 0x0, 0xa, 0xff, 0xf7,
    0x0, 0x0, 0x0, 0x0, 0xbf, 0xff, 0x60, 0x0,
    0x0, 0x0, 0xe, 0xff, 0xf4, 0x0, 0x0, 0x0,
    0x2, 0xff, 0xff, 0x10, 0x0, 0x0, 0x0, 0x7f,
    0xff, 0xc0, 0x0, 0x0, 0x0, 0xd, 0xff, 0xf7,
    0x0, 0x0, 0x0, 0x5, 0xff, 0xff, 0x20, 0x0,
    0x0, 0x0, 0xdf, 0xff, 0xa0, 0x0, 0x0, 0x0,
    0x7f, 0xff, 0xf3, 0x0, 0x0, 0x0, 0x2f, 0xff,
    0xfa, 0x0, 0x0, 0x0, 0xc, 0xff, 0xff, 0x10,
    0x0, 0x0, 0x9, 0xff, 0xff, 0x70, 0x0, 0x0,
    0x6, 0xff, 0xff, 0xb0, 0x0, 0x0, 0x4, 0xff,
    0xff, 0xe1, 0x0, 0x0, 0x4, 0xff, 0xff, 0xf4,
    0x0, 0x0, 0x0,

    /* U+002A "*" */
    0x0, 0x0, 0xf, 0xff, 0x50, 0x0, 0x0, 0x0,
    0x0, 0xf, 0xff, 0x50, 0x0, 0x0, 0x8, 0xc2,
    0xf, 0xff, 0x50, 0x8d, 0x0, 0x4f, 0xff, 0x5f,
    0xff, 0x7c, 0xff, 0x90, 0xaf, 0xff, 0xff, 0xff,
    0xff, 0xff, 0xf1, 0x8, 0xff, 0xff, 0xff, 0xff,
    0xfc, 0x20, 0x0, 0x4e, 0xff, 0xff, 0xff, 0x80,
    0x0, 0x0, 0x8, 0xff, 0xff, 0xfd, 0x10, 0x0,
    0x1, 0xbf, 0xff, 0xff, 0xff, 0xe4, 0x0, 0x4e,
    0xff, 0xff, 0xff, 0xff, 0xff, 0x90, 0x9f, 0xff,
    0xdf, 0xff, 0xcf, 0xff, 0xe1, 0xd, 0xf9, 0xf,
    0xff, 0x55, 0xef, 0x40, 0x3, 0x40, 0xf, 0xff,
    0x50, 0x16, 0x0, 0x0, 0x0, 0xf, 0xff, 0x50,
    0x0, 0x0, 0x0, 0x0, 0x7, 0x88, 0x20, 0x0,
    0x0,

    /* U+002B "+" */
    0x0, 0x0, 0x2, 0xcc, 0xc5, 0x0, 0x0, 0x0,
    0x0, 0x0, 0x3f, 0xff, 0x70, 0x0, 0x0, 0x0,
    0x0, 0x3, 0xff, 0xf7, 0x0, 0x0, 0x0, 0x0,
    0x0, 0x3f, 0xff, 0x70, 0x0, 0x0, 0x0, 0x0,
    0x3, 0xff, 0xf7, 0x0, 0x0, 0x0, 0x0, 0x0,
    0x3f, 0xff, 0x70, 0x0, 0x0, 0xbf, 0xff, 0xff,
    0xff, 0xff, 0xff, 0xff, 0xfb, 0xff, 0xff, 0xff,
    0xff, 0xff, 0xff, 0xff, 0xbf, 0xff, 0xff, 0xff,
    0xff, 0xff, 0xff, 0xf7, 0xaa, 0xaa, 0xbf, 0xff,
    0xda, 0xaa, 0xaa, 0x0, 0x0, 0x3, 0xff, 0xf7,
    0x0, 0x0, 0x0, 0x0, 0x0, 0x3f, 0xff, 0x70,
    0x0, 0x0, 0x0, 0x0, 0x3, 0xff, 0xf7, 0x0,
    0x0, 0x0, 0x0, 0x0, 0x3f, 0xff, 0x70, 0x0,
    0x0, 0x0, 0x0, 0x3, 0xff, 0xf7, 0x0, 0x0,
    0x0,

    /* U+002C "," */
    0x0, 0xde, 0xec, 0x1, 0xff, 0xf9, 0x4, 0xff,
    0xf4, 0x7, 0xff, 0xe0, 0xa, 0xff, 0xa0, 0xd,
    0xff, 0x50, 0xf, 0xff, 0x0, 0x3f, 0xfb, 0x0,

    /* U+002D "-" */
    0x2a, 0xaa, 0xaa, 0xaa, 0xaa, 0xaa, 0xaa, 0xa5,
    0x3f, 0xff, 0xff, 0xff, 0xff, 0xff, 0xff, 0xf7,
    0x3f, 0xff, 0xff, 0xff, 0xff, 0xff, 0xff, 0xf7,
    0x3f, 0xff, 0xff, 0xff, 0xff, 0xff, 0xff, 0xf7,

    /* U+002E "." */
    0x0, 0x0, 0x2, 0xdf, 0x80, 0xaf, 0xff, 0x29,
    0xff, 0xf2, 0x2c, 0xf8, 0x0,

    /* U+002F "/" */
    0x0, 0x0, 0x0, 0x0, 0x0, 0x0, 0x0, 0xcf,
    0xff, 0x80, 0x0, 0x0, 0x0, 0x0, 0x0, 0x0,
    0x7f, 0xff, 0xd0, 0x0, 0x0, 0x0, 0x0, 0x0,
    0x0, 0x1f, 0xff, 0xf4, 0x0, 0x0, 0x0, 0x0,
    0x0, 0x0, 0xa, 0xff, 0xfa, 0x0, 0x0, 0x0,
    0x0, 0x0, 0x0, 0x4, 0xff, 0xff, 0x10, 0x0,
    0x0, 0x0, 0x0, 0x0, 0x0, 0xdf, 0xff, 0x70,
    0x0, 0x0, 0x0, 0x0, 0x0, 0x0, 0x8f, 0xff,
    0xd0, 0x0, 0x0, 0x0, 0x0, 0x0, 0x0, 0x2f,
    0xff, 0xf3, 0x0, 0x0, 0x0, 0x0, 0x0, 0x0,
    0xb, 0xff, 0xf9, 0x0, 0x0, 0x0, 0x0, 0x0,
    0x0, 0x5, 0xff, 0xfe, 0x10, 0x0, 0x0, 0x0,
    0x0, 0x0, 0x1, 0xef, 0xff, 0x50, 0x0, 0x0,
    0x0, 0x0, 0x0, 0x0, 0x9f, 0xff, 0xc0, 0x0,
    0x0, 0x0, 0x0, 0x0, 0x0, 0x3f, 0xff, 0xf2,
    0x0, 0x0, 0x0, 0x0, 0x0, 0x0, 0xc, 0xff,
    0xf8, 0x0, 0x0, 0x0, 0x0, 0x0, 0x0, 0x7,
    0xff, 0xfd, 0x0, 0x0, 0x0, 0x0, 0x0, 0x0,
    0x1, 0xff, 0xff, 0x40, 0x0, 0x0, 0x0, 0x0,
    0x0, 0x0, 0xaf, 0xff, 0xa0, 0x0, 0x0, 0x0,
    0x0, 0x0, 0x0, 0x4f, 0xff, 0xf1, 0x0, 0x0,
    0x0, 0x0, 0x0, 0x0, 0xd, 0xff, 0xf7, 0x0,
    0x0, 0x0, 0x0, 0x0, 0x0, 0x8, 0xff, 0xfd,
    0x0, 0x0, 0x0, 0x0, 0x0, 0x0, 0x2, 0xff,
    0xff, 0x30, 0x0, 0x0, 0x0, 0x0, 0x0, 0x0,
    0xbf, 0xff, 0x90, 0x0, 0x0, 0x0, 0x0, 0x0,
    0x0, 0x5f, 0xff, 0xe1, 0x0, 0x0, 0x0, 0x0,
    0x0, 0x0, 0x0,

    /* U+0030 "0" */
    0x0, 0x0, 0x0, 0x38, 0xde, 0xff, 0xff, 0xff,
    0xff, 0xeb, 0x71, 0x0, 0x0, 0x0, 0x0, 0x1,
    0xbf, 0xff, 0xff, 0xff, 0xff, 0xff, 0xff, 0xff,
    0xf7, 0x0, 0x0, 0x0, 0x3, 0xef, 0xff, 0xff,
    0xff, 0xff, 0xff, 0xff, 0xff, 0xff, 0xfb, 0x0,
    0x0, 0x2, 0xef, 0xff, 0xff, 0xff, 0xff, 0xff,
    0xff, 0xff, 0xff, 0xff, 0xfa, 0x0, 0x0, 0xcf,
    0xff, 0xfc, 0x52, 0x11, 0x11, 0x11, 0x11, 0x38,
    0xff, 0xff, 0xf6, 0x0, 0x5f, 0xff, 0xf9, 0x0,
    0x0, 0x0, 0x0, 0x0, 0x0, 0x2, 0xdf, 0xff,
    0xe0, 0xb, 0xff, 0xfb, 0x0, 0x0, 0x0, 0x0,
    0x0, 0x3, 0xdf, 0x92, 0xff, 0xff, 0x50, 0xff,
    0xff, 0x30, 0x0, 0x0, 0x0, 0x0, 0x9, 0xff,
    0xff, 0x3a, 0xff, 0xf9, 0x1f, 0xff, 0xf0, 0x0,
    0x0, 0x0, 0x0, 0x3d, 0xff, 0xff, 0xf3, 0x5f,
    0xff, 0xc3, 0xff, 0xfd, 0x0, 0x0, 0x0, 0x0,
    0x8f, 0xff, 0xff, 0xf9, 0x4, 0xff, 0xfd, 0x3f,
    0xff, 0xd0, 0x0, 0x0, 0x3, 0xdf, 0xff, 0xff,
    0xe4, 0x0, 0x3f, 0xff, 0xd3, 0xff, 0xfd, 0x0,
    0x0, 0x8, 0xff, 0xff, 0xff, 0xa1, 0x0, 0x3,
    0xff, 0xfd, 0x3f, 0xff, 0xd0, 0x0, 0x3d, 0xff,
    0xff, 0xfe, 0x50, 0x0, 0x0, 0x3f, 0xff, 0xd3,
    0xff, 0xfd, 0x0, 0x8f, 0xff, 0xff, 0xfa, 0x10,
    0x0, 0x0, 0x3, 0xff, 0xfd, 0x2f, 0xff, 0xf0,
    0x7f, 0xff, 0xff, 0xe5, 0x0, 0x0, 0x0, 0x0,
    0x5f, 0xff, 0xc0, 0xff, 0xff, 0x3a, 0xff, 0xff,
    0xa1, 0x0, 0x0, 0x0, 0x0, 0x9, 0xff, 0xf9,
    0xb, 0xff, 0xfb, 0x4f, 0xfe, 0x50, 0x0, 0x0,
    0x0, 0x0, 0x1, 0xff, 0xff, 0x50, 0x5f, 0xff,
    0xf8, 0x36, 0x10, 0x0, 0x0, 0x0, 0x0, 0x1,
    0xcf, 0xff, 0xe0, 0x0, 0xcf, 0xff, 0xfc, 0x52,
    0x11, 0x11, 0x11, 0x11, 0x27, 0xef, 0xff, 0xf6,
    0x0, 0x1, 0xef, 0xff, 0xff, 0xff, 0xff, 0xff,
    0xff, 0xff, 0xff, 0xff, 0xfa, 0x0, 0x0, 0x3,
    0xef, 0xff, 0xff, 0xff, 0xff, 0xff, 0xff, 0xff,
    0xff, 0xfb, 0x0, 0x0, 0x0, 0x1, 0xbf, 0xff,
    0xff, 0xff, 0xff, 0xff, 0xff, 0xff, 0xf7, 0x0,
    0x0, 0x0, 0x0, 0x0, 0x39, 0xdf, 0xff, 0xff,
    0xff, 0xff, 0xec, 0x71, 0x0, 0x0, 0x0,

    /* U+0031 "1" */
    0xef, 0xff, 0xff, 0xfd, 0xef, 0xff, 0xff, 0xfd,
    0xef, 0xff, 0xff, 0xfd, 0xef, 0xff, 0xff, 0xfd,
    0x11, 0x14, 0xff, 0xfd, 0x0, 0x3, 0xff, 0xfd,
    0x0, 0x3, 0xff, 0xfd, 0x0, 0x3, 0xff, 0xfd,
    0x0, 0x3, 0xff, 0xfd, 0x0, 0x3, 0xff, 0xfd,
    0x0, 0x3, 0xff, 0xfd, 0x0, 0x3, 0xff, 0xfd,
    0x0, 0x3, 0xff, 0xfd, 0x0, 0x3, 0xff, 0xfd,
    0x0, 0x3, 0xff, 0xfd, 0x0, 0x3, 0xff, 0xfd,
    0x0, 0x3, 0xff, 0xfd, 0x0, 0x3, 0xff, 0xfd,
    0x0, 0x3, 0xff, 0xfd, 0x0, 0x3, 0xff, 0xfd,
    0x0, 0x3, 0xff, 0xfd, 0x0, 0x3, 0xff, 0xfd,
    0x0, 0x3, 0xff, 0xfd,

    /* U+0032 "2" */
    0x0, 0x8f, 0xff, 0xff, 0xff, 0xff, 0xff, 0xff,
    0xea, 0x20, 0x0, 0x0, 0x8f, 0xff, 0xff, 0xff,
    0xff, 0xff, 0xff, 0xff, 0xf5, 0x0, 0x0, 0x8f,
    0xff, 0xff, 0xff, 0xff, 0xff, 0xff, 0xff, 0xff,
    0x20, 0x0, 0x8f, 0xff, 0xff, 0xff, 0xff, 0xff,
    0xff, 0xff, 0xff, 0xa0, 0x0, 0x1, 0x11, 0x11,
    0x11, 0x11, 0x11, 0x11, 0x7f, 0xff, 0xf0, 0x0,
    0x0, 0x0, 0x0, 0x0, 0x0, 0x0, 0x0, 0xe,
    0xff, 0xf2, 0x0, 0x0, 0x0, 0x0, 0x0, 0x0,
    0x0, 0x0, 0xe, 0xff, 0xf3, 0x0, 0x0, 0x0,
    0x0, 0x0, 0x0, 0x0, 0x0, 0xe, 0xff, 0xf3,
    0x0, 0x0, 0x0, 0x0, 0x0, 0x0, 0x0, 0x0,
    0xe, 0xff, 0xf2, 0x0, 0x0, 0x0, 0x11, 0x11,
    0x11, 0x11, 0x12, 0x7f, 0xff, 0xf1, 0x0, 0x6,
    0xdf, 0xff, 0xff, 0xff, 0xff, 0xff, 0xff, 0xff,
    0xb0, 0x0, 0xaf, 0xff, 0xff, 0xff, 0xff, 0xff,
    0xff, 0xff, 0xff, 0x30, 0x7, 0xff, 0xff, 0xff,
    0xff, 0xff, 0xff, 0xff, 0xff, 0xf5, 0x0, 0xe,
    0xff, 0xff, 0xff, 0xff, 0xff, 0xff, 0xff, 0xe9,
    0x20, 0x0, 0x3f, 0xff, 0xf3, 0x0, 0x0, 0x0,
    0x0, 0x0, 0x0, 0x0, 0x0, 0x5f, 0xff, 0xc0,
    0x0, 0x0, 0x0, 0x0, 0x0, 0x0, 0x0, 0x0,
    0x5f, 0xff, 0xb0, 0x0, 0x0, 0x0, 0x0, 0x0,
    0x0, 0x0, 0x0, 0x5f, 0xff, 0xb0, 0x0, 0x0,
    0x0, 0x0, 0x0, 0x0, 0x0, 0x0, 0x5f, 0xff,
    0xb1, 0x11, 0x11, 0x11, 0x11, 0x11, 0x11, 0x11,
    0x10, 0x5f, 0xff, 0xff, 0xff, 0xff, 0xff, 0xff,
    0xff, 0xff, 0xff, 0xf3, 0x5f, 0xff, 0xff, 0xff,
    0xff, 0xff, 0xff, 0xff, 0xff, 0xff, 0xf3, 0x5f,
    0xff, 0xff, 0xff, 0xff, 0xff, 0xff, 0xff, 0xff,
    0xff, 0xf3, 0x5f, 0xff, 0xff, 0xff, 0xff, 0xff,
    0xff, 0xff, 0xff, 0xff, 0xf3,

    /* U+0033 "3" */
    0xef, 0xff, 0xff, 0xff, 0xff, 0xff, 0xff, 0xd7,
    0x0, 0xe, 0xff, 0xff, 0xff, 0xff, 0xff, 0xff,
    0xff, 0xfd, 0x10, 0xef, 0xff, 0xff, 0xff, 0xff,
    0xff, 0xff, 0xff, 0xfc, 0xe, 0xff, 0xff, 0xff,
    0xff, 0xff, 0xff, 0xff, 0xff, 0xf5, 0x11, 0x11,
    0x11, 0x11, 0x11, 0x11, 0x12, 0xcf, 0xff, 0xa0,
    0x0, 0x0, 0x0, 0x0, 0x0, 0x0, 0x5, 0xff,
    0xfc, 0x0, 0x0, 0x0, 0x0, 0x0, 0x0, 0x0,
    0x4f, 0xff, 0xd0, 0x0, 0x0, 0x0, 0x0, 0x0,
    0x0, 0x4, 0xff, 0xfd, 0x0, 0x0, 0x0, 0x0,
    0x0, 0x0, 0x0, 0x4f, 0xff, 0xd1, 0x11, 0x11,
    0x11, 0x11, 0x11, 0x11, 0x15, 0xff, 0xfd, 0xef,
    0xff, 0xff, 0xff, 0xff, 0xff, 0xff, 0xff, 0xff,
    0xde, 0xff, 0xff, 0xff, 0xff, 0xff, 0xff, 0xff,
    0xff, 0xfd, 0xef, 0xff, 0xff, 0xff, 0xff, 0xff,
    0xff, 0xff, 0xff, 0xde, 0xff, 0xff, 0xff, 0xff,
    0xff, 0xff, 0xff, 0xff, 0xfd, 0x0, 0x0, 0x0,
    0x0, 0x0, 0x0, 0x0, 0x4f, 0xff, 0xd0, 0x0,
    0x0, 0x0, 0x0, 0x0, 0x0, 0x4, 0xff, 0xfd,
    0x0, 0x0, 0x0, 0x0, 0x0, 0x0, 0x0, 0x4f,
    0xff, 0xd0, 0x0, 0x0, 0x0, 0x0, 0x0, 0x0,
    0x4, 0xff, 0xfc, 0x11, 0x11, 0x11, 0x11, 0x11,
    0x11, 0x12, 0xbf, 0xff, 0xae, 0xff, 0xff, 0xff,
    0xff, 0xff, 0xff, 0xff, 0xff, 0xf6, 0xef, 0xff,
    0xff, 0xff, 0xff, 0xff, 0xff, 0xff, 0xfd, 0xe,
    0xff, 0xff, 0xff, 0xff, 0xff, 0xff, 0xff, 0xfd,
    0x20, 0xef, 0xff, 0xff, 0xff, 0xff, 0xff, 0xff,
    0xd7, 0x0, 0x0,

    /* U+0034 "4" */
    0x5f, 0xff, 0xc0, 0x0, 0x0, 0x0, 0x0, 0x0,
    0xd, 0xff, 0xf4, 0x5f, 0xff, 0xc0, 0x0, 0x0,
    0x0, 0x0, 0x0, 0xd, 0xff, 0xf4, 0x5f, 0xff,
    0xc0, 0x0, 0x0, 0x0, 0x0, 0x0, 0xd, 0xff,
    0xf4, 0x5f, 0xff, 0xc0, 0x0, 0x0, 0x0, 0x0,
    0x0, 0xd, 0xff, 0xf4, 0x5f, 0xff, 0xc0, 0x0,
    0x0, 0x0, 0x0, 0x0, 0xd, 0xff, 0xf4, 0x5f,
    0xff, 0xc0, 0x0, 0x0, 0x0, 0x0, 0x0, 0xd,
    0xff, 0xf4, 0x5f, 0xff, 0xc0, 0x0, 0x0, 0x0,
    0x0, 0x0, 0xd, 0xff, 0xf4, 0x5f, 0xff, 0xc0,
    0x0, 0x0, 0x0, 0x0, 0x0, 0xd, 0xff, 0xf4,
    0x5f, 0xff, 0xc0, 0x0, 0x0, 0x0, 0x0, 0x0,
    0xd, 0xff, 0xf4, 0x5f, 0xff, 0xc1, 0x11, 0x11,
    0x11, 0x11, 0x11, 0x1d, 0xff, 0xf4, 0x5f, 0xff,
    0xff, 0xff, 0xff, 0xff, 0xff, 0xff, 0xff, 0xff,
    0xf4, 0x4f, 0xff, 0xff, 0xff, 0xff, 0xff, 0xff,
    0xff, 0xff, 0xff, 0xf4, 0x2f, 0xff, 0xff, 0xff,
    0xff, 0xff, 0xff, 0xff, 0xff, 0xff, 0xf4, 0x8,
    0xff, 0xff, 0xff, 0xff, 0xff, 0xff, 0xff, 0xff,
    0xff, 0xf4, 0x0, 0x0, 0x0, 0x0, 0x0, 0x0,
    0x0, 0x0, 0xd, 0xff, 0xf4, 0x0, 0x0, 0x0,
    0x0, 0x0, 0x0, 0x0, 0x0, 0xd, 0xff, 0xf4,
    0x0, 0x0, 0x0, 0x0, 0x0, 0x0, 0x0, 0x0,
    0xd, 0xff, 0xf4, 0x0, 0x0, 0x0, 0x0, 0x0,
    0x0, 0x0, 0x0, 0xd, 0xff, 0xf4, 0x0, 0x0,
    0x0, 0x0, 0x0, 0x0, 0x0, 0x0, 0xd, 0xff,
    0xf4, 0x0, 0x0, 0x0, 0x0, 0x0, 0x0, 0x0,
    0x0, 0xd, 0xff, 0xf4, 0x0, 0x0, 0x0, 0x0,
    0x0, 0x0, 0x0, 0x0, 0xd, 0xff, 0xf4, 0x0,
    0x0, 0x0, 0x0, 0x0, 0x0, 0x0, 0x0, 0xd,
    0xff, 0xf4, 0x0, 0x0, 0x0, 0x0, 0x0, 0x0,
    0x0, 0x0, 0xd, 0xff, 0xf4,

    /* U+0035 "5" */
    0xff, 0xff, 0xff, 0xff, 0xff, 0xff, 0xff, 0xff,
    0xff, 0xb0, 0xf, 0xff, 0xff, 0xff, 0xff, 0xff,
    0xff, 0xff, 0xff, 0xfb, 0x0, 0xff, 0xff, 0xff,
    0xff, 0xff, 0xff, 0xff, 0xff, 0xff, 0xb0, 0xf,
    0xff, 0xff, 0xff, 0xff, 0xff, 0xff, 0xff, 0xff,
    0xfb, 0x0, 0xff, 0xff, 0x21, 0x11, 0x11, 0x11,
    0x11, 0x11, 0x11, 0x0, 0xf, 0xff, 0xf1, 0x0,
    0x0, 0x0, 0x0, 0x0, 0x0, 0x0, 0x0, 0xff,
    0xff, 0x10, 0x0, 0x0, 0x0, 0x0, 0x0, 0x0,
    0x0, 0xf, 0xff, 0xf1, 0x0, 0x0, 0x0, 0x0,
    0x0, 0x0, 0x0, 0x0, 0xff, 0xff, 0x20, 0x0,
    0x0, 0x0, 0x0, 0x0, 0x0, 0x0, 0xc, 0xff,
    0xfa, 0x21, 0x11, 0x11, 0x11, 0x11, 0x0, 0x0,
    0x0, 0x7f, 0xff, 0xff, 0xff, 0xff, 0xff, 0xff,
    0xff, 0xd7, 0x0, 0x0, 0xef, 0xff, 0xff, 0xff,
    0xff, 0xff, 0xff, 0xff, 0xfd, 0x10, 0x3, 0xef,
    0xff, 0xff, 0xff, 0xff, 0xff, 0xff, 0xff, 0xfb,
    0x0, 0x1, 0x9d, 0xff, 0xff, 0xff, 0xff, 0xff,
    0xff, 0xff, 0xf3, 0x0, 0x0, 0x0, 0x0, 0x0,
    0x0, 0x0, 0x2, 0xdf, 0xff, 0x70, 0x0, 0x0,
    0x0, 0x0, 0x0, 0x0, 0x0, 0x8, 0xff, 0xf8,
    0x0, 0x0, 0x0, 0x0, 0x0, 0x0, 0x0, 0x0,
    0x8f, 0xff, 0x90, 0x0, 0x0, 0x0, 0x0, 0x0,
    0x0, 0x0, 0x8, 0xff, 0xf8, 0x11, 0x11, 0x11,
    0x11, 0x11, 0x11, 0x11, 0x13, 0xef, 0xff, 0x6f,
    0xff, 0xff, 0xff, 0xff, 0xff, 0xff, 0xff, 0xff,
    0xff, 0xf2, 0xff, 0xff, 0xff, 0xff, 0xff, 0xff,
    0xff, 0xff, 0xff, 0xf9, 0xf, 0xff, 0xff, 0xff,
    0xff, 0xff, 0xff, 0xff, 0xff, 0xfb, 0x0, 0xff,
    0xff, 0xff, 0xff, 0xff, 0xff, 0xff, 0xfe, 0xc6,
    0x0, 0x0,

    /* U+0036 "6" */
    0x0, 0x0, 0x6, 0xbe, 0xff, 0xff, 0xff, 0xff,
    0xff, 0x90, 0x0, 0x0, 0x3, 0xdf, 0xff, 0xff,
    0xff, 0xff, 0xff, 0xff, 0x90, 0x0, 0x0, 0x3f,
    0xff, 0xff, 0xff, 0xff, 0xff, 0xff, 0xff, 0x90,
    0x0, 0x0, 0xef, 0xff, 0xff, 0xff, 0xff, 0xff,
    0xff, 0xff, 0x90, 0x0, 0x7, 0xff, 0xff, 0xc5,
    0x11, 0x11, 0x11, 0x11, 0x11, 0x0, 0x0, 0xd,
    0xff, 0xfc, 0x0, 0x0, 0x0, 0x0, 0x0, 0x0,
    0x0, 0x0, 0xf, 0xff, 0xf4, 0x0, 0x0, 0x0,
    0x0, 0x0, 0x0, 0x0, 0x0, 0x1f, 0xff, 0xf0,
    0x0, 0x0, 0x0, 0x0, 0x0, 0x0, 0x0, 0x0,
    0x1f, 0xff, 0xf0, 0x0, 0x0, 0x0, 0x0, 0x0,
    0x0, 0x0, 0x0, 0x1f, 0xff, 0xf1, 0x11, 0x11,
    0x11, 0x11, 0x11, 0x0, 0x0, 0x0, 0x1f, 0xff,
    0xff, 0xff, 0xff, 0xff, 0xff, 0xff, 0xfd, 0x70,
    0x0, 0x1f, 0xff, 0xff, 0xff, 0xff, 0xff, 0xff,
    0xff, 0xff, 0xfc, 0x0, 0x1f, 0xff, 0xff, 0xff,
    0xff, 0xff, 0xff, 0xff, 0xff, 0xff, 0xa0, 0x1f,
    0xff, 0xff, 0xff, 0xff, 0xff, 0xff, 0xff, 0xff,
    0xff, 0xf1, 0x1f, 0xff, 0xf0, 0x0, 0x0, 0x0,
    0x0, 0x0, 0x2e, 0xff, 0xf5, 0x1f, 0xff, 0xf0,
    0x0, 0x0, 0x0, 0x0, 0x0, 0xa, 0xff, 0xf7,
    0xf, 0xff, 0xf1, 0x0, 0x0, 0x0, 0x0, 0x0,
    0x9, 0xff, 0xf7, 0xd, 0xff, 0xf9, 0x0, 0x0,
    0x0, 0x0, 0x0, 0xa, 0xff, 0xf7, 0x7, 0xff,
    0xff, 0xa4, 0x11, 0x11, 0x11, 0x11, 0x4f, 0xff,
    0xf5, 0x0, 0xef, 0xff, 0xff, 0xff, 0xff, 0xff,
    0xff, 0xff, 0xff, 0xf0, 0x0, 0x3f, 0xff, 0xff,
    0xff, 0xff, 0xff, 0xff, 0xff, 0xff, 0x80, 0x0,
    0x3, 0xdf, 0xff, 0xff, 0xff, 0xff, 0xff, 0xff,
    0xfa, 0x0, 0x0, 0x0, 0x6, 0xbe, 0xff, 0xff,
    0xff, 0xff, 0xec, 0x50, 0x0,

    /* U+0037 "7" */
    0xff, 0xff, 0xff, 0xff, 0xff, 0xff, 0xff, 0xff,
    0xfc, 0x1f, 0xff, 0xff, 0xff, 0xff, 0xff, 0xff,
    0xff, 0xff, 0xfa, 0xff, 0xff, 0xff, 0xff, 0xff,
    0xff, 0xff, 0xff, 0xff, 0xbf, 0xff, 0xff, 0xff,
    0xff, 0xff, 0xff, 0xff, 0xff, 0xf5, 0x11, 0x11,
    0x11, 0x11, 0x11, 0x11, 0x2f, 0xff, 0xfc, 0x0,
    0x0, 0x0, 0x0, 0x0, 0x0, 0x9, 0xff, 0xff,
    0x30, 0x0, 0x0, 0x0, 0x0, 0x0, 0x2, 0xff,
    0xff, 0x90, 0x0, 0x0, 0x0, 0x0, 0x0, 0x0,
    0xbf, 0xff, 0xf1, 0x0, 0x0, 0x0, 0x0, 0x0,
    0x0, 0x4f, 0xff, 0xf7, 0x0, 0x0, 0x0, 0x0,
    0x0, 0x0, 0xd, 0xff, 0xfe, 0x0, 0x0, 0x0,
    0x0, 0x0, 0x0, 0x6, 0xff, 0xff, 0x50, 0x0,
    0x0, 0x0, 0x0, 0x0, 0x0, 0xef, 0xff, 0xc0,
    0x0, 0x0, 0x0, 0x0, 0x0, 0x0, 0x8f, 0xff,
    0xf3, 0x0, 0x0, 0x0, 0x0, 0x0, 0x0, 0x2f,
    0xff, 0xfa, 0x0, 0x0, 0x0, 0x0, 0x0, 0x0,
    0xa, 0xff, 0xff, 0x10, 0x0, 0x0, 0x0, 0x0,
    0x0, 0x3, 0xff, 0xff, 0x80, 0x0, 0x0, 0x0,
    0x0, 0x0, 0x0, 0xcf, 0xff, 0xe0, 0x0, 0x0,
    0x0, 0x0, 0x0, 0x0, 0x5f, 0xff, 0xf5, 0x0,
    0x0, 0x0, 0x0, 0x0, 0x0, 0xe, 0xff, 0xfc,
    0x0, 0x0, 0x0, 0x0, 0x0, 0x0, 0x7, 0xff,
    0xff, 0x30, 0x0, 0x0, 0x0, 0x0, 0x0, 0x1,
    0xff, 0xff, 0xa0, 0x0, 0x0, 0x0, 0x0, 0x0,
    0x0, 0x9f, 0xff, 0xf2, 0x0, 0x0, 0x0, 0x0,
    0x0, 0x0, 0x2f, 0xff, 0xf8, 0x0, 0x0, 0x0,
    0x0, 0x0, 0x0,

    /* U+0038 "8" */
    0x0, 0x0, 0x4, 0xbe, 0xff, 0xff, 0xff, 0xeb,
    0x30, 0x0, 0x0, 0x0, 0x0, 0x9f, 0xff, 0xff,
    0xff, 0xff, 0xff, 0xf7, 0x0, 0x0, 0x0, 0x7,
    0xff, 0xff, 0xff, 0xff, 0xff, 0xff, 0xff, 0x40,
    0x0, 0x0, 0xf, 0xff, 0xff, 0xff, 0xff, 0xff,
    0xff, 0xff, 0xd0, 0x0, 0x0, 0x5f, 0xff, 0xf4,
    0x11, 0x11, 0x11, 0x5f, 0xff, 0xf2, 0x0, 0x0,
    0x7f, 0xff, 0xa0, 0x0, 0x0, 0x0, 0xc, 0xff,
    0xf4, 0x0, 0x0, 0x8f, 0xff, 0x90, 0x0, 0x0,
    0x0, 0xb, 0xff, 0xf5, 0x0, 0x0, 0x8f, 0xff,
    0x90, 0x0, 0x0, 0x0, 0xb, 0xff, 0xf6, 0x0,
    0x0, 0x7f, 0xff, 0xa0, 0x0, 0x0, 0x0, 0xc,
    0xff, 0xf5, 0x0, 0x0, 0x5f, 0xff, 0xf4, 0x11,
    0x11, 0x11, 0x5f, 0xff, 0xf3, 0x0, 0x0, 0x1f,
    0xff, 0xff, 0xff, 0xff, 0xff, 0xff, 0xff, 0xf0,
    0x0, 0x0, 0xaf, 0xff, 0xff, 0xff, 0xff, 0xff,
    0xff, 0xff, 0xf8, 0x0, 0x7, 0xff, 0xff, 0xff,
    0xff, 0xff, 0xff, 0xff, 0xff, 0xff, 0x50, 0xe,
    0xff, 0xff, 0xff, 0xff, 0xff, 0xff, 0xff, 0xff,
    0xff, 0xd0, 0x3f, 0xff, 0xf4, 0x0, 0x0, 0x0,
    0x0, 0x0, 0x5f, 0xff, 0xf1, 0x5f, 0xff, 0xb0,
    0x0, 0x0, 0x0, 0x0, 0x0, 0xe, 0xff, 0xf3,
    0x5f, 0xff, 0xb0, 0x0, 0x0, 0x0, 0x0, 0x0,
    0xe, 0xff, 0xf3, 0x5f, 0xff, 0xc0, 0x0, 0x0,
    0x0, 0x0, 0x0, 0xe, 0xff, 0xf3, 0x3f, 0xff,
    0xf5, 0x11, 0x11, 0x11, 0x11, 0x11, 0x7f, 0xff,
    0xf1, 0xe, 0xff, 0xff, 0xff, 0xff, 0xff, 0xff,
    0xff, 0xff, 0xff, 0xc0, 0x7, 0xff, 0xff, 0xff,
    0xff, 0xff, 0xff, 0xff, 0xff, 0xff, 0x40, 0x0,
    0x9f, 0xff, 0xff, 0xff, 0xff, 0xff, 0xff, 0xff,
    0xf7, 0x0, 0x0, 0x4, 0xbe, 0xff, 0xff, 0xff,
    0xff, 0xff, 0xda, 0x30, 0x0,

    /* U+0039 "9" */
    0x0, 0x6, 0xcf, 0xff, 0xff, 0xff, 0xff, 0xea,
    0x40, 0x0, 0x0, 0xb, 0xff, 0xff, 0xff, 0xff,
    0xff, 0xff, 0xff, 0xb1, 0x0, 0x9, 0xff, 0xff,
    0xff, 0xff, 0xff, 0xff, 0xff, 0xff, 0xd1, 0x2,
    0xff, 0xff, 0xff, 0xff, 0xff, 0xff, 0xff, 0xff,
    0xff, 0xc0, 0x7f, 0xff, 0xe3, 0x11, 0x11, 0x11,
    0x11, 0x4d, 0xff, 0xff, 0x49, 0xff, 0xf7, 0x0,
    0x0, 0x0, 0x0, 0x0, 0x1e, 0xff, 0xf9, 0xaf,
    0xff, 0x60, 0x0, 0x0, 0x0, 0x0, 0x0, 0x7f,
    0xff, 0xca, 0xff, 0xf6, 0x0, 0x0, 0x0, 0x0,
    0x0, 0x3, 0xff, 0xfe, 0xaf, 0xff, 0x70, 0x0,
    0x0, 0x0, 0x0, 0x0, 0x3f, 0xff, 0xe7, 0xff,
    0xfd, 0x31, 0x11, 0x11, 0x11, 0x11, 0x14, 0xff,
    0xfe, 0x2f, 0xff, 0xff, 0xff, 0xff, 0xff, 0xff,
    0xff, 0xff, 0xff, 0xe0, 0xaf, 0xff, 0xff, 0xff,
    0xff, 0xff, 0xff, 0xff, 0xff, 0xfe, 0x0, 0xbf,
    0xff, 0xff, 0xff, 0xff, 0xff, 0xff, 0xff, 0xff,
    0xe0, 0x0, 0x5b, 0xff, 0xff, 0xff, 0xff, 0xff,
    0xff, 0xff, 0xfe, 0x0, 0x0, 0x0, 0x0, 0x0,
    0x0, 0x0, 0x0, 0x3f, 0xff, 0xe0, 0x0, 0x0,
    0x0, 0x0, 0x0, 0x0, 0x0, 0x3, 0xff, 0xfe,
    0x0, 0x0, 0x0, 0x0, 0x0, 0x0, 0x0, 0x0,
    0x5f, 0xff, 0xc0, 0x0, 0x0, 0x0, 0x0, 0x0,
    0x0, 0x0, 0xc, 0xff, 0xf9, 0x0, 0x1, 0x11,
    0x11, 0x11, 0x11, 0x12, 0x5d, 0xff, 0xff, 0x40,
    0x0, 0xcf, 0xff, 0xff, 0xff, 0xff, 0xff, 0xff,
    0xff, 0xc0, 0x0, 0xc, 0xff, 0xff, 0xff, 0xff,
    0xff, 0xff, 0xff, 0xd1, 0x0, 0x0, 0xcf, 0xff,
    0xff, 0xff, 0xff, 0xff, 0xff, 0xb2, 0x0, 0x0,
    0xc, 0xff, 0xff, 0xff, 0xff, 0xff, 0xea, 0x40,
    0x0, 0x0,

    /* U+003A ":" */
    0x5, 0xed, 0x30, 0xff, 0xfc, 0xf, 0xff, 0xc0,
    0x6f, 0xe3, 0x0, 0x0, 0x0, 0x0, 0x0, 0x0,
    0x0, 0x0, 0x0, 0x0, 0x0, 0x0, 0x0, 0x0,
    0x0, 0x0, 0x0, 0x0, 0x0, 0x0, 0x0, 0x0,
    0x0, 0x6f, 0xe3, 0xf, 0xff, 0xc0, 0xff, 0xfc,
    0x6, 0xed, 0x30,

    /* U+003B ";" */
    0x0, 0x2c, 0xe7, 0x0, 0xa, 0xff, 0xf2, 0x0,
    0xaf, 0xff, 0x20, 0x2, 0xdf, 0x80, 0x0, 0x0,
    0x0, 0x0, 0x0, 0x0, 0x0, 0x0, 0x0, 0x0,
    0x0, 0x0, 0x0, 0x0, 0x0, 0x0, 0x0, 0x0,
    0x0, 0x0, 0x0, 0x0, 0x0, 0x0, 0x0, 0x0,
    0x0, 0x0, 0x0, 0xbf, 0xff, 0x10, 0xe, 0xff,
    0xc0, 0x1, 0xff, 0xf7, 0x0, 0x3f, 0xff, 0x20,
    0x6, 0xff, 0xd0, 0x0, 0x9f, 0xf8, 0x0, 0xc,
    0xff, 0x30, 0x0, 0xde, 0xd0, 0x0,

    /* U+003C "<" */
    0x0, 0x0, 0x0, 0x0, 0x89, 0x99, 0x98, 0x0,
    0x0, 0x0, 0x0, 0xbf, 0xff, 0xfd, 0x20, 0x0,
    0x0, 0x1, 0xdf, 0xff, 0xfc, 0x10, 0x0, 0x0,
    0x2, 0xdf, 0xff, 0xfb, 0x0, 0x0, 0x0, 0x3,
    0xef, 0xff, 0xfa, 0x0, 0x0, 0x0, 0x4, 0xff,
    0xff, 0xf8, 0x0, 0x0, 0x0, 0x5, 0xff, 0xff,
    0xf7, 0x0, 0x0, 0x0, 0x5, 0xff, 0xff, 0xf5,
    0x0, 0x0, 0x0, 0x0, 0xdf, 0xff, 0xf4, 0x0,
    0x0, 0x0, 0x0, 0xb, 0xff, 0xff, 0xa0, 0x0,
    0x0, 0x0, 0x0, 0x1d, 0xff, 0xff, 0xc1, 0x0,
    0x0, 0x0, 0x0, 0x1c, 0xff, 0xff, 0xd2, 0x0,
    0x0, 0x0, 0x0, 0xb, 0xff, 0xff, 0xe3, 0x0,
    0x0, 0x0, 0x0, 0x9, 0xff, 0xff, 0xf4, 0x0,
    0x0, 0x0, 0x0, 0x7, 0xff, 0xff, 0xf6, 0x0,
    0x0, 0x0, 0x0, 0x5, 0xff, 0xff, 0xf8, 0x0,
    0x0, 0x0, 0x0, 0x4, 0xff, 0xff, 0xfa, 0x0,

    /* U+003D "=" */
    0xef, 0xff, 0xff, 0xff, 0xff, 0xff, 0xff, 0xce,
    0xff, 0xff, 0xff, 0xff, 0xff, 0xff, 0xfc, 0xef,
    0xff, 0xff, 0xff, 0xff, 0xff, 0xff, 0xc9, 0xbb,
    0xbb, 0xbb, 0xbb, 0xbb, 0xbb, 0xb8, 0x0, 0x0,
    0x0, 0x0, 0x0, 0x0, 0x0, 0x0, 0x0, 0x0,
    0x0, 0x0, 0x0, 0x0, 0x0, 0x0, 0x0, 0x0,
    0x0, 0x0, 0x0, 0x0, 0x9, 0xbb, 0xbb, 0xbb,
    0xbb, 0xbb, 0xbb, 0xb8, 0xef, 0xff, 0xff, 0xff,
    0xff, 0xff, 0xff, 0xce, 0xff, 0xff, 0xff, 0xff,
    0xff, 0xff, 0xfc, 0xef, 0xff, 0xff, 0xff, 0xff,
    0xff, 0xff, 0xc0,

    /* U+003E ">" */
    0x19, 0x99, 0x99, 0x60, 0x0, 0x0, 0x0, 0x0,
    0x3e, 0xff, 0xff, 0x90, 0x0, 0x0, 0x0, 0x0,
    0x2e, 0xff, 0xff, 0xa0, 0x0, 0x0, 0x0, 0x0,
    0x1d, 0xff, 0xff, 0xc1, 0x0, 0x0, 0x0, 0x0,
    0x1c, 0xff, 0xff, 0xd1, 0x0, 0x0, 0x0, 0x0,
    0xb, 0xff, 0xff, 0xe2, 0x0, 0x0, 0x0, 0x0,
    0x9, 0xff, 0xff, 0xe3, 0x0, 0x0, 0x0, 0x0,
    0x8, 0xff, 0xff, 0xf3, 0x0, 0x0, 0x0, 0x0,
    0x7, 0xff, 0xff, 0xa0, 0x0, 0x0, 0x0, 0x1,
    0xcf, 0xff, 0xf8, 0x0, 0x0, 0x0, 0x2, 0xdf,
    0xff, 0xfb, 0x0, 0x0, 0x0, 0x3, 0xef, 0xff,
    0xfa, 0x0, 0x0, 0x0, 0x5, 0xff, 0xff, 0xf8,
    0x0, 0x0, 0x0, 0x7, 0xff, 0xff, 0xf6, 0x0,
    0x0, 0x0, 0x8, 0xff, 0xff, 0xf4, 0x0, 0x0,
    0x0, 0xa, 0xff, 0xff, 0xe3, 0x0, 0x0, 0x0,
    0x1c, 0xff, 0xff, 0xd2, 0x0, 0x0, 0x0, 0x0,

    /* U+003F "?" */
    0xcf, 0xff, 0xff, 0xff, 0xff, 0xff, 0xff, 0xd8,
    0x10, 0xc, 0xff, 0xff, 0xff, 0xff, 0xff, 0xff,
    0xff, 0xfe, 0x20, 0xcf, 0xff, 0xff, 0xff, 0xff,
    0xff, 0xff, 0xff, 0xfe, 0xc, 0xff, 0xff, 0xff,
    0xff, 0xff, 0xff, 0xff, 0xff, 0xf7, 0x1, 0x11,
    0x11, 0x11, 0x11, 0x11, 0x11, 0xaf, 0xff, 0xc0,
    0x0, 0x0, 0x0, 0x0, 0x0, 0x0, 0x2, 0xff,
    0xfe, 0x0, 0x0, 0x0, 0x0, 0x0, 0x0, 0x0,
    0x1f, 0xff, 0xf0, 0x0, 0x0, 0x0, 0x0, 0x0,
    0x0, 0x1, 0xff, 0xff, 0x0, 0x0, 0x0, 0x0,
    0x0, 0x0, 0x0, 0x2f, 0xff, 0xe0, 0x0, 0x0,
    0x0, 0x1, 0x11, 0x11, 0x2a, 0xff, 0xfb, 0x0,
    0x0, 0x0, 0x9f, 0xff, 0xff, 0xff, 0xff, 0xff,
    0x60, 0x0, 0x0, 0x2f, 0xff, 0xff, 0xff, 0xff,
    0xff, 0xd0, 0x0, 0x0, 0x4, 0xff, 0xff, 0xff,
    0xff, 0xff, 0xe2, 0x0, 0x0, 0x0, 0x4f, 0xff,
    0xff, 0xff, 0xfd, 0x81, 0x0, 0x0, 0x0, 0x4,
    0xff, 0xfd, 0x0, 0x0, 0x0, 0x0, 0x0, 0x0,
    0x0, 0x4f, 0xff, 0xd0, 0x0, 0x0, 0x0, 0x0,
    0x0, 0x0, 0x4, 0xff, 0xfd, 0x0, 0x0, 0x0,
    0x0, 0x0, 0x0, 0x0, 0x28, 0x88, 0x70, 0x0,
    0x0, 0x0, 0x0, 0x0, 0x0, 0x0, 0x0, 0x0,
    0x0, 0x0, 0x0, 0x0, 0x0, 0x0, 0x0, 0x8,
    0xfd, 0x20, 0x0, 0x0, 0x0, 0x0, 0x0, 0x0,
    0x2, 0xff, 0xfa, 0x0, 0x0, 0x0, 0x0, 0x0,
    0x0, 0x0, 0x2f, 0xff, 0xa0, 0x0, 0x0, 0x0,
    0x0, 0x0, 0x0, 0x0, 0x7f, 0xc2, 0x0, 0x0,
    0x0, 0x0, 0x0,

    /* U+0040 "@" */
    0x0, 0x3, 0xac, 0xdd, 0xdd, 0xdd, 0xdd, 0xb6,
    0x0, 0x0, 0x7, 0xff, 0xff, 0xff, 0xff, 0xff,
    0xff, 0xfd, 0x10, 0x3, 0xff, 0xff, 0xff, 0xff,
    0xff, 0xff, 0xff, 0xfb, 0x0, 0xbf, 0xfa, 0x10,
    0x0, 0x0, 0x0, 0x5, 0xff, 0xf3, 0xf, 0xff,
    0x0, 0xbf, 0xff, 0xff, 0xd5, 0x8, 0xff, 0x60,
    0xff, 0xd0, 0xb, 0xff, 0xff, 0xff, 0xf4, 0x6f,
    0xf7, 0xf, 0xfd, 0x0, 0xae, 0xee, 0xee, 0xff,
    0xb6, 0xff, 0x70, 0xff, 0xd0, 0x0, 0x0, 0x0,
    0xf, 0xfd, 0x6f, 0xf7, 0xf, 0xfd, 0x1, 0xbf,
    0xff, 0xf2, 0xff, 0xd6, 0xff, 0x70, 0xff, 0xd0,
    0xdf, 0xff, 0xff, 0x2f, 0xfd, 0x6f, 0xf7, 0xf,
    0xfd, 0x4f, 0xff, 0xdd, 0xd2, 0xff, 0xd6, 0xff,
    0x70, 0xff, 0xd4, 0xff, 0xfe, 0xee, 0xef, 0xff,
    0xff, 0xf5, 0xf, 0xfd, 0xd, 0xff, 0xff, 0xff,
    0xff, 0xff, 0xfe, 0x0, 0xff, 0xf0, 0x2a, 0xff,
    0xff, 0xff, 0xff, 0xfb, 0x20, 0xc, 0xff, 0x80,
    0x0, 0x0, 0x0, 0x0, 0x0, 0x0, 0x0, 0x5f,
    0xff, 0xfd, 0xc0, 0x0, 0x0, 0x0, 0x0, 0x0,
    0x0, 0x9f, 0xff, 0xfe, 0x0, 0x0, 0x0, 0x0,
    0x0, 0x0, 0x0, 0x5b, 0xff, 0xe0, 0x0, 0x0,
    0x0, 0x0, 0x0,

    /* U+0041 "A" */
    0x0, 0x0, 0x0, 0x1, 0x6b, 0xdf, 0xff, 0xff,
    0xff, 0xff, 0xff, 0x80, 0x0, 0x0, 0x0, 0x8f,
    0xff, 0xff, 0xff, 0xff, 0xff, 0xff, 0xff, 0xf3,
    0x0, 0x0, 0x2d, 0xff, 0xff, 0xff, 0xff, 0xff,
    0xff, 0xff, 0xff, 0xf5, 0x0, 0x2, 0xef, 0xff,
    0xff, 0xff, 0xff, 0xff, 0xff, 0xff, 0xff, 0xf5,
    0x0, 0xd, 0xff, 0xff, 0xf9, 0x52, 0x11, 0x11,
    0x11, 0x1b, 0xff, 0xf5, 0x0, 0x8f, 0xff, 0xfa,
    0x10, 0x0, 0x0, 0x0, 0x0, 0xb, 0xff, 0xf5,
    0x1, 0xff, 0xff, 0x90, 0x0, 0x0, 0x0, 0x0,
    0x0, 0xb, 0xff, 0xf5, 0x6, 0xff, 0xfe, 0x0,
    0x0, 0x0, 0x0, 0x0, 0x0, 0xb, 0xff, 0xf5,
    0xb, 0xff, 0xf7, 0x0, 0x0, 0x0, 0x0, 0x0,
    0x0, 0xb, 0xff, 0xf5, 0xe, 0xff, 0xf2, 0x0,
    0x0, 0x0, 0x0, 0x0, 0x0, 0xb, 0xff, 0xf5,
    0xf, 0xff, 0xf0, 0x0, 0x0, 0x0, 0x0, 0x0,
    0x0, 0xb, 0xff, 0xf5, 0xf, 0xff, 0xf0, 0x0,
    0x0, 0x0, 0x0, 0x0, 0x0, 0xb, 0xff, 0xf5,
    0x1f, 0xff, 0xf0, 0x0, 0x0, 0x0, 0x0, 0x0,
    0x0, 0xb, 0xff, 0xf5, 0x1f, 0xff, 0xff, 0xff,
    0xff, 0xff, 0xff, 0xff, 0xff, 0xff, 0xff, 0xf5,
    0x1f, 0xff, 0xff, 0xff, 0xff, 0xff, 0xff, 0xff,
    0xff, 0xff, 0xff, 0xf5, 0x1f, 0xff, 0xff, 0xff,
    0xff, 0xff, 0xff, 0xff, 0xff, 0xff, 0xff, 0xf5,
    0x1f, 0xff, 0xff, 0xff, 0xff, 0xff, 0xff, 0xff,
    0xff, 0xff, 0xff, 0xf5, 0x1f, 0xff, 0xf1, 0x11,
    0x11, 0x11, 0x11, 0x11, 0x11, 0x1b, 0xff, 0xf5,
    0x1f, 0xff, 0xf0, 0x0, 0x0, 0x0, 0x0, 0x0,
    0x0, 0xb, 0xff, 0xf5, 0x1f, 0xff, 0xf0, 0x0,
    0x0, 0x0, 0x0, 0x0, 0x0, 0xb, 0xff, 0xf5,
    0x1f, 0xff, 0xf0, 0x0, 0x0, 0x0, 0x0, 0x0,
    0x0, 0xb, 0xff, 0xf5, 0x1f, 0xff, 0xf0, 0x0,
    0x0, 0x0, 0x0, 0x0, 0x0, 0xb, 0xff, 0xf5,
    0x1f, 0xff, 0xf0, 0x0, 0x0, 0x0, 0x0, 0x0,
    0x0, 0xb, 0xff, 0xf5,

    /* U+0042 "B" */
    0x1c, 0xff, 0xff, 0xff, 0xff, 0xff, 0xff, 0xff,
    0xfb, 0x40, 0x0, 0x8, 0xff, 0xff, 0xff, 0xff,
    0xff, 0xff, 0xff, 0xff, 0xff, 0x70, 0x0, 0xaf,
    0xff, 0xff, 0xff, 0xff, 0xff, 0xff, 0xff, 0xff,
    0xff, 0x30, 0xa, 0xff, 0xff, 0xff, 0xff, 0xff,
    0xff, 0xff, 0xff, 0xff, 0xfa, 0x0, 0xaf, 0xff,
    0x71, 0x11, 0x11, 0x11, 0x11, 0x11, 0x7f, 0xff,
    0xd0, 0xa, 0xff, 0xf6, 0x0, 0x0, 0x0, 0x0,
    0x0, 0x3, 0xff, 0xfe, 0x0, 0xaf, 0xff, 0x60,
    0x0, 0x0, 0x0, 0x0, 0x0, 0x4f, 0xff, 0xd0,
    0xa, 0xff, 0xf6, 0x0, 0x0, 0x0, 0x0, 0x0,
    0x7, 0xff, 0xfc, 0x0, 0xaf, 0xff, 0x60, 0x0,
    0x0, 0x0, 0x0, 0x0, 0xef, 0xff, 0x80, 0xa,
    0xff, 0xf6, 0x1, 0x11, 0x11, 0x11, 0x25, 0xdf,
    0xff, 0xf3, 0x0, 0xaf, 0xff, 0x60, 0xff, 0xff,
    0xff, 0xff, 0xff, 0xff, 0xfb, 0x0, 0xa, 0xff,
    0xf6, 0xf, 0xff, 0xff, 0xff, 0xff, 0xff, 0xff,
    0xc1, 0x0, 0xaf, 0xff, 0x60, 0xff, 0xff, 0xff,
    0xff, 0xff, 0xff, 0xff, 0xe1, 0xa, 0xff, 0xf6,
    0xf, 0xff, 0xff, 0xff, 0xff, 0xff, 0xff, 0xff,
    0xb0, 0xaf, 0xff, 0x60, 0x0, 0x0, 0x0, 0x0,
    0x0, 0x4c, 0xff, 0xff, 0x2a, 0xff, 0xf6, 0x0,
    0x0, 0x0, 0x0, 0x0, 0x0, 0xd, 0xff, 0xf8,
    0xaf, 0xff, 0x60, 0x0, 0x0, 0x0, 0x0, 0x0,
    0x0, 0x7f, 0xff, 0xaa, 0xff, 0xf6, 0x0, 0x0,
    0x0, 0x0, 0x0, 0x0, 0x5, 0xff, 0xfb, 0xaf,
    0xff, 0x71, 0x11, 0x11, 0x11, 0x11, 0x11, 0x11,
    0x8f, 0xff, 0xaa, 0xff, 0xff, 0xff, 0xff, 0xff,
    0xff, 0xff, 0xff, 0xff, 0xff, 0xf8, 0xaf, 0xff,
    0xff, 0xff, 0xff, 0xff, 0xff, 0xff, 0xff, 0xff,
    0xff, 0x28, 0xff, 0xff, 0xff, 0xff, 0xff, 0xff,
    0xff, 0xff, 0xff, 0xff, 0x60, 0x1c, 0xff, 0xff,
    0xff, 0xff, 0xff, 0xff, 0xff, 0xff, 0xeb, 0x40,
    0x0,

    /* U+0043 "C" */
    0x0, 0x18, 0xdf, 0xff, 0xff, 0xff, 0xff, 0xff,
    0xff, 0xff, 0x60, 0x2e, 0xff, 0xff, 0xff, 0xff,
    0xff, 0xff, 0xff, 0xff, 0xf6, 0xe, 0xff, 0xff,
    0xff, 0xff, 0xff, 0xff, 0xff, 0xff, 0xff, 0x67,
    0xff, 0xff, 0xff, 0xff, 0xff, 0xff, 0xff, 0xff,
    0xff, 0xf6, 0xcf, 0xff, 0xa2, 0x11, 0x11, 0x11,
    0x11, 0x11, 0x11, 0x11, 0xe, 0xff, 0xf2, 0x0,
    0x0, 0x0, 0x0, 0x0, 0x0, 0x0, 0x0, 0xff,
    0xff, 0x20, 0x0, 0x0, 0x0, 0x0, 0x0, 0x0,
    0x0, 0xf, 0xff, 0xf2, 0x0, 0x0, 0x0, 0x0,
    0x0, 0x0, 0x0, 0x0, 0xff, 0xff, 0x20, 0x0,
    0x0, 0x0, 0x0, 0x0, 0x0, 0x0, 0xf, 0xff,
    0xf2, 0x0, 0x0, 0x0, 0x0, 0x0, 0x0, 0x0,
    0x0, 0xff, 0xff, 0x20, 0x0, 0x0, 0x0, 0x0,
    0x0, 0x0, 0x0, 0xf, 0xff, 0xf2, 0x0, 0x0,
    0x0, 0x0, 0x0, 0x0, 0x0, 0x0, 0xff, 0xff,
    0x20, 0x0, 0x0, 0x0, 0x0, 0x0, 0x0, 0x0,
    0xf, 0xff, 0xf2, 0x0, 0x0, 0x0, 0x0, 0x0,
    0x0, 0x0, 0x0, 0xff, 0xff, 0x20, 0x0, 0x0,
    0x0, 0x0, 0x0, 0x0, 0x0, 0xf, 0xff, 0xf2,
    0x0, 0x0, 0x0, 0x0, 0x0, 0x0, 0x0, 0x0,
    0xff, 0xff, 0x20, 0x0, 0x0, 0x0, 0x0, 0x0,
    0x0, 0x0, 0xe, 0xff, 0xf2, 0x0, 0x0, 0x0,
    0x0, 0x0, 0x0, 0x0, 0x0, 0xcf, 0xff, 0xa2,
    0x11, 0x11, 0x11, 0x11, 0x11, 0x11, 0x11, 0x7,
    0xff, 0xff, 0xff, 0xff, 0xff, 0xff, 0xff, 0xff,
    0xff, 0xf6, 0x1e, 0xff, 0xff, 0xff, 0xff, 0xff,
    0xff, 0xff, 0xff, 0xff, 0x60, 0x3e, 0xff, 0xff,
    0xff, 0xff, 0xff, 0xff, 0xff, 0xff, 0xf6, 0x0,
    0x18, 0xdf, 0xff, 0xff, 0xff, 0xff, 0xff, 0xff,
    0xff, 0x60,

    /* U+0044 "D" */
    0x1c, 0xff, 0xff, 0xff, 0xff, 0xff, 0xff, 0xeb,
    0x71, 0x0, 0x0, 0x8, 0xff, 0xff, 0xff, 0xff,
    0xff, 0xff, 0xff, 0xff, 0xf8, 0x0, 0x0, 0xaf,
    0xff, 0xff, 0xff, 0xff, 0xff, 0xff, 0xff, 0xff,
    0xfb, 0x0, 0xa, 0xff, 0xff, 0xff, 0xff, 0xff,
    0xff, 0xff, 0xff, 0xff, 0xfa, 0x0, 0xaf, 0xff,
    0x71, 0x11, 0x11, 0x11, 0x11, 0x38, 0xff, 0xff,
    0xf5, 0xa, 0xff, 0xf6, 0x0, 0x0, 0x0, 0x0,
    0x0, 0x2, 0xdf, 0xff, 0xd0, 0xaf, 0xff, 0x60,
    0x0, 0x0, 0x0, 0x0, 0x0, 0x2, 0xff, 0xff,
    0x3a, 0xff, 0xf6, 0x0, 0x0, 0x0, 0x0, 0x0,
    0x0, 0xb, 0xff, 0xf7, 0xaf, 0xff, 0x60, 0x0,
    0x0, 0x0, 0x0, 0x0, 0x0, 0x7f, 0xff, 0x9a,
    0xff, 0xf6, 0x0, 0x0, 0x0, 0x0, 0x0, 0x0,
    0x5, 0xff, 0xfb, 0xaf, 0xff, 0x60, 0x0, 0x0,
    0x0, 0x0, 0x0, 0x0, 0x5f, 0xff, 0xba, 0xff,
    0xf6, 0x0, 0x0, 0x0, 0x0, 0x0, 0x0, 0x5,
    0xff, 0xfb, 0xaf, 0xff, 0x60, 0x0, 0x0, 0x0,
    0x0, 0x0, 0x0, 0x5f, 0xff, 0xba, 0xff, 0xf6,
    0x0, 0x0, 0x0, 0x0, 0x0, 0x0, 0x5, 0xff,
    0xfb, 0xaf, 0xff, 0x60, 0x0, 0x0, 0x0, 0x0,
    0x0, 0x0, 0x7f, 0xff, 0x9a, 0xff, 0xf6, 0x0,
    0x0, 0x0, 0x0, 0x0, 0x0, 0xb, 0xff, 0xf7,
    0xaf, 0xff, 0x60, 0x0, 0x0, 0x0, 0x0, 0x0,
    0x2, 0xff, 0xff, 0x3a, 0xff, 0xf6, 0x0, 0x0,
    0x0, 0x0, 0x0, 0x1, 0xdf, 0xff, 0xd0, 0xaf,
    0xff, 0x71, 0x11, 0x11, 0x11, 0x11, 0x38, 0xff,
    0xff, 0xf5, 0xa, 0xff, 0xff, 0xff, 0xff, 0xff,
    0xff, 0xff, 0xff, 0xff, 0xfa, 0x0, 0xaf, 0xff,
    0xff, 0xff, 0xff, 0xff, 0xff, 0xff, 0xff, 0xfb,
    0x0, 0x8, 0xff, 0xff, 0xff, 0xff, 0xff, 0xff,
    0xff, 0xff, 0xf7, 0x0, 0x0, 0x1c, 0xff, 0xff,
    0xff, 0xff, 0xff, 0xff, 0xeb, 0x71, 0x0, 0x0,
    0x0,

    /* U+0045 "E" */
    0x1c, 0xff, 0xff, 0xff, 0xff, 0xff, 0xff, 0xff,
    0xff, 0xff, 0x99, 0xff, 0xff, 0xff, 0xff, 0xff,
    0xff, 0xff, 0xff, 0xff, 0xf9, 0xbf, 0xff, 0xff,
    0xff, 0xff, 0xff, 0xff, 0xff, 0xff, 0xff, 0x9b,
    0xff, 0xff, 0xff, 0xff, 0xff, 0xff, 0xff, 0xff,
    0xff, 0xf9, 0xbf, 0xff, 0x61, 0x11, 0x11, 0x11,
    0x11, 0x11, 0x11, 0x11, 0xb, 0xff, 0xf5, 0x0,
    0x0, 0x0, 0x0, 0x0, 0x0, 0x0, 0x0, 0xbf,
    0xff, 0x50, 0x0, 0x0, 0x0, 0x0, 0x0, 0x0,
    0x0, 0xb, 0xff, 0xf5, 0x0, 0x0, 0x0, 0x0,
    0x0, 0x0, 0x0, 0x0, 0xbf, 0xff, 0x50, 0x0,
    0x0, 0x0, 0x0, 0x0, 0x0, 0x0, 0xb, 0xff,
    0xf5, 0x1, 0x11, 0x11, 0x11, 0x11, 0x11, 0x11,
    0x0, 0xbf, 0xff, 0x50, 0xff, 0xff, 0xff, 0xff,
    0xff, 0xff, 0xc0, 0xb, 0xff, 0xf5, 0xf, 0xff,
    0xff, 0xff, 0xff, 0xff, 0xfc, 0x0, 0xbf, 0xff,
    0x50, 0xff, 0xff, 0xff, 0xff, 0xff, 0xff, 0xc0,
    0xb, 0xff, 0xf5, 0xf, 0xff, 0xff, 0xff, 0xff,
    0xff, 0xfc, 0x0, 0xbf, 0xff, 0x50, 0x0, 0x0,
    0x0, 0x0, 0x0, 0x0, 0x0, 0xb, 0xff, 0xf5,
    0x0, 0x0, 0x0, 0x0, 0x0, 0x0, 0x0, 0x0,
    0xbf, 0xff, 0x50, 0x0, 0x0, 0x0, 0x0, 0x0,
    0x0, 0x0, 0xb, 0xff, 0xf5, 0x0, 0x0, 0x0,
    0x0, 0x0, 0x0, 0x0, 0x0, 0x9f, 0xff, 0xc2,
    0x11, 0x11, 0x11, 0x11, 0x11, 0x11, 0x11, 0x4,
    0xff, 0xff, 0xff, 0xff, 0xff, 0xff, 0xff, 0xff,
    0xff, 0xf9, 0xc, 0xff, 0xff, 0xff, 0xff, 0xff,
    0xff, 0xff, 0xff, 0xff, 0x90, 0x1d, 0xff, 0xff,
    0xff, 0xff, 0xff, 0xff, 0xff, 0xff, 0xf9, 0x0,
    0x7, 0xcf, 0xff, 0xff, 0xff, 0xff, 0xff, 0xff,
    0xff, 0x90,

    /* U+0046 "F" */
    0x1b, 0xff, 0xff, 0xff, 0xff, 0xff, 0xff, 0xff,
    0xff, 0xff, 0xb8, 0xff, 0xff, 0xff, 0xff, 0xff,
    0xff, 0xff, 0xff, 0xff, 0xfb, 0xaf, 0xff, 0xff,
    0xff, 0xff, 0xff, 0xff, 0xff, 0xff, 0xff, 0xba,
    0xff, 0xff, 0xff, 0xff, 0xff, 0xff, 0xff, 0xff,
    0xff, 0xfb, 0xaf, 0xff, 0x71, 0x11, 0x11, 0x11,
    0x11, 0x11, 0x11, 0x11, 0xa, 0xff, 0xf6, 0x0,
    0x0, 0x0, 0x0, 0x0, 0x0, 0x0, 0x0, 0xaf,
    0xff, 0x60, 0x0, 0x0, 0x0, 0x0, 0x0, 0x0,
    0x0, 0xa, 0xff, 0xf6, 0x0, 0x0, 0x0, 0x0,
    0x0, 0x0, 0x0, 0x0, 0xaf, 0xff, 0x60, 0x0,
    0x0, 0x0, 0x0, 0x0, 0x0, 0x0, 0xa, 0xff,
    0xf6, 0x1, 0x11, 0x11, 0x11, 0x11, 0x11, 0x11,
    0x0, 0xaf, 0xff, 0x60, 0xff, 0xff, 0xff, 0xff,
    0xff, 0xff, 0xe0, 0xa, 0xff, 0xf6, 0xf, 0xff,
    0xff, 0xff, 0xff, 0xff, 0xfe, 0x0, 0xaf, 0xff,
    0x60, 0xff, 0xff, 0xff, 0xff, 0xff, 0xff, 0xe0,
    0xa, 0xff, 0xf6, 0xf, 0xff, 0xff, 0xff, 0xff,
    0xff, 0xfe, 0x0, 0xaf, 0xff, 0x60, 0x0, 0x0,
    0x0, 0x0, 0x0, 0x0, 0x0, 0xa, 0xff, 0xf6,
    0x0, 0x0, 0x0, 0x0, 0x0, 0x0, 0x0, 0x0,
    0xaf, 0xff, 0x60, 0x0, 0x0, 0x0, 0x0, 0x0,
    0x0, 0x0, 0xa, 0xff, 0xf6, 0x0, 0x0, 0x0,
    0x0, 0x0, 0x0, 0x0, 0x0, 0xaf, 0xff, 0x60,
    0x0, 0x0, 0x0, 0x0, 0x0, 0x0, 0x0, 0xa,
    0xff, 0xf6, 0x0, 0x0, 0x0, 0x0, 0x0, 0x0,
    0x0, 0x0, 0xaf, 0xff, 0x60, 0x0, 0x0, 0x0,
    0x0, 0x0, 0x0, 0x0, 0xa, 0xff, 0xf6, 0x0,
    0x0, 0x0, 0x0, 0x0, 0x0, 0x0, 0x0, 0xaf,
    0xff, 0x60, 0x0, 0x0, 0x0, 0x0, 0x0, 0x0,
    0x0, 0x0,

    /* U+0047 "G" */
    0x0, 0x18, 0xdf, 0xff, 0xff, 0xff, 0xff, 0xff,
    0xff, 0xff, 0xff, 0x40, 0x2e, 0xff, 0xff, 0xff,
    0xff, 0xff, 0xff, 0xff, 0xff, 0xff, 0xf4, 0xe,
    0xff, 0xff, 0xff, 0xff, 0xff, 0xff, 0xff, 0xff,
    0xff, 0xff, 0x47, 0xff, 0xff, 0xff, 0xff, 0xff,
    0xff, 0xff, 0xff, 0xff, 0xff, 0xf4, 0xcf, 0xff,
    0xa2, 0x11, 0x11, 0x11, 0x11, 0x11, 0x11, 0x11,
    0x11, 0xe, 0xff, 0xf2, 0x0, 0x0, 0x0, 0x0,
    0x0, 0x0, 0x0, 0x0, 0x0, 0xff, 0xff, 0x20,
    0x0, 0x0, 0x0, 0x0, 0x0, 0x0, 0x0, 0x0,
    0xf, 0xff, 0xf2, 0x0, 0x0, 0x0, 0x0, 0x0,
    0x0, 0x0, 0x0, 0x0, 0xff, 0xff, 0x20, 0x0,
    0x0, 0x0, 0x0, 0x0, 0x0, 0x0, 0x0, 0xf,
    0xff, 0xf2, 0x0, 0x1, 0x11, 0x11, 0x11, 0x11,
    0x11, 0x11, 0x0, 0xff, 0xff, 0x20, 0x6, 0xff,
    0xff, 0xff, 0xff, 0xff, 0xff, 0xfb, 0xf, 0xff,
    0xf2, 0x0, 0x6f, 0xff, 0xff, 0xff, 0xff, 0xff,
    0xff, 0xf6, 0xff, 0xff, 0x20, 0x6, 0xff, 0xff,
    0xff, 0xff, 0xff, 0xff, 0xff, 0x7f, 0xff, 0xf2,
    0x0, 0x6f, 0xff, 0xff, 0xff, 0xff, 0xff, 0xff,
    0xf7, 0xff, 0xff, 0x20, 0x0, 0x0, 0x0, 0x0,
    0x0, 0x0, 0x9f, 0xff, 0x7f, 0xff, 0xf2, 0x0,
    0x0, 0x0, 0x0, 0x0, 0x0, 0x9, 0xff, 0xf7,
    0xff, 0xff, 0x20, 0x0, 0x0, 0x0, 0x0, 0x0,
    0x0, 0x9f, 0xff, 0x7e, 0xff, 0xf2, 0x0, 0x0,
    0x0, 0x0, 0x0, 0x0, 0x9, 0xff, 0xf7, 0xcf,
    0xff, 0xa2, 0x11, 0x11, 0x11, 0x11, 0x11, 0x11,
    0xaf, 0xff, 0x77, 0xff, 0xff, 0xff, 0xff, 0xff,
    0xff, 0xff, 0xff, 0xff, 0xff, 0xf7, 0x1e, 0xff,
    0xff, 0xff, 0xff, 0xff, 0xff, 0xff, 0xff, 0xff,
    0xff, 0x70, 0x3e, 0xff, 0xff, 0xff, 0xff, 0xff,
    0xff, 0xff, 0xff, 0xff, 0xf5, 0x0, 0x18, 0xdf,
    0xff, 0xff, 0xff, 0xff, 0xff, 0xff, 0xff, 0xfa,
    0x0,

    /* U+0048 "H" */
    0x9f, 0xff, 0x70, 0x0, 0x0, 0x0, 0x0, 0x0,
    0x0, 0x4f, 0xff, 0xc9, 0xff, 0xf7, 0x0, 0x0,
    0x0, 0x0, 0x0, 0x0, 0x4, 0xff, 0xfc, 0x9f,
    0xff, 0x70, 0x0, 0x0, 0x0, 0x0, 0x0, 0x0,
    0x4f, 0xff, 0xc9, 0xff, 0xf7, 0x0, 0x0, 0x0,
    0x0, 0x0, 0x0, 0x4, 0xff, 0xfc, 0x9f, 0xff,
    0x70, 0x0, 0x0, 0x0, 0x0, 0x0, 0x0, 0x4f,
    0xff, 0xc9, 0xff, 0xf7, 0x0, 0x0, 0x0, 0x0,
    0x0, 0x0, 0x4, 0xff, 0xfc, 0x9f, 0xff, 0x70,
    0x0, 0x0, 0x0, 0x0, 0x0, 0x0, 0x4f, 0xff,
    0xc9, 0xff, 0xf7, 0x0, 0x0, 0x0, 0x0, 0x0,
    0x0, 0x4, 0xff, 0xfc, 0x9f, 0xff, 0x70, 0x0,
    0x0, 0x0, 0x0, 0x0, 0x0, 0x4f, 0xff, 0xc9,
    0xff, 0xf8, 0x11, 0x11, 0x11, 0x11, 0x11, 0x11,
    0x15, 0xff, 0xfc, 0x9f, 0xff, 0xff, 0xff, 0xff,
    0xff, 0xff, 0xff, 0xff, 0xff, 0xff, 0xc9, 0xff,
    0xff, 0xff, 0xff, 0xff, 0xff, 0xff, 0xff, 0xff,
    0xff, 0xfc, 0x9f, 0xff, 0xff, 0xff, 0xff, 0xff,
    0xff, 0xff, 0xff, 0xff, 0xff, 0xc9, 0xff, 0xff,
    0xff, 0xff, 0xff, 0xff, 0xff, 0xff, 0xff, 0xff,
    0xfc, 0x9f, 0xff, 0x70, 0x0, 0x0, 0x0, 0x0,
    0x0, 0x0, 0x4f, 0xff, 0xc9, 0xff, 0xf7, 0x0,
    0x0, 0x0, 0x0, 0x0, 0x0, 0x4, 0xff, 0xfc,
    0x9f, 0xff, 0x70, 0x0, 0x0, 0x0, 0x0, 0x0,
    0x0, 0x4f, 0xff, 0xc9, 0xff, 0xf7, 0x0, 0x0,
    0x0, 0x0, 0x0, 0x0, 0x4, 0xff, 0xfc, 0x9f,
    0xff, 0x70, 0x0, 0x0, 0x0, 0x0, 0x0, 0x0,
    0x4f, 0xff, 0xc9, 0xff, 0xf7, 0x0, 0x0, 0x0,
    0x0, 0x0, 0x0, 0x4, 0xff, 0xfc, 0x9f, 0xff,
    0x70, 0x0, 0x0, 0x0, 0x0, 0x0, 0x0, 0x4f,
    0xff, 0xc9, 0xff, 0xf7, 0x0, 0x0, 0x0, 0x0,
    0x0, 0x0, 0x4, 0xff, 0xfc, 0x9f, 0xff, 0x70,
    0x0, 0x0, 0x0, 0x0, 0x0, 0x0, 0x4f, 0xff,
    0xc0,

    /* U+0049 "I" */
    0x9f, 0xff, 0x79, 0xff, 0xf7, 0x9f, 0xff, 0x79,
    0xff, 0xf7, 0x9f, 0xff, 0x79, 0xff, 0xf7, 0x9f,
    0xff, 0x79, 0xff, 0xf7, 0x9f, 0xff, 0x79, 0xff,
    0xf7, 0x9f, 0xff, 0x79, 0xff, 0xf7, 0x9f, 0xff,
    0x79, 0xff, 0xf7, 0x9f, 0xff, 0x79, 0xff, 0xf7,
    0x9f, 0xff, 0x79, 0xff, 0xf7, 0x9f, 0xff, 0x79,
    0xff, 0xf7, 0x9f, 0xff, 0x79, 0xff, 0xf7, 0x9f,
    0xff, 0x70,

    /* U+004A "J" */
    0x0, 0x0, 0x0, 0x0, 0x0, 0x0, 0x0, 0x0,
    0xe, 0xff, 0xf3, 0x0, 0x0, 0x0, 0x0, 0x0,
    0x0, 0x0, 0x0, 0xe, 0xff, 0xf3, 0x0, 0x0,
    0x0, 0x0, 0x0, 0x0, 0x0, 0x0, 0xe, 0xff,
    0xf3, 0x0, 0x0, 0x0, 0x0, 0x0, 0x0, 0x0,
    0x0, 0xe, 0xff, 0xf3, 0x0, 0x0, 0x0, 0x0,
    0x0, 0x0, 0x0, 0x0, 0xe, 0xff, 0xf3, 0x0,
    0x0, 0x0, 0x0, 0x0, 0x0, 0x0, 0x0, 0xe,
    0xff, 0xf3, 0x0, 0x0, 0x0, 0x0, 0x0, 0x0,
    0x0, 0x0, 0xe, 0xff, 0xf3, 0x0, 0x0, 0x0,
    0x0, 0x0, 0x0, 0x0, 0x0, 0xe, 0xff, 0xf3,
    0x0, 0x0, 0x0, 0x0, 0x0, 0x0, 0x0, 0x0,
    0xe, 0xff, 0xf3, 0x0, 0x0, 0x0, 0x0, 0x0,
    0x0, 0x0, 0x0, 0xe, 0xff, 0xf3, 0x0, 0x0,
    0x0, 0x0, 0x0, 0x0, 0x0, 0x0, 0xe, 0xff,
    0xf3, 0x0, 0x0, 0x0, 0x0, 0x0, 0x0, 0x0,
    0x0, 0xe, 0xff, 0xf3, 0x0, 0x0, 0x0, 0x0,
    0x0, 0x0, 0x0, 0x0, 0xe, 0xff, 0xf3, 0x0,
    0x0, 0x0, 0x0, 0x0, 0x0, 0x0, 0x0, 0xe,
    0xff, 0xf3, 0x0, 0x0, 0x0, 0x0, 0x0, 0x0,
    0x0, 0x0, 0xe, 0xff, 0xf3, 0x0, 0x0, 0x0,
    0x0, 0x0, 0x0, 0x0, 0x0, 0xe, 0xff, 0xf3,
    0x0, 0x0, 0x0, 0x0, 0x0, 0x0, 0x0, 0x0,
    0xe, 0xff, 0xf3, 0x0, 0x0, 0x0, 0x0, 0x0,
    0x0, 0x0, 0x0, 0xe, 0xff, 0xf2, 0x1, 0x11,
    0x11, 0x11, 0x11, 0x11, 0x11, 0x11, 0x7f, 0xff,
    0xf0, 0x6f, 0xff, 0xff, 0xff, 0xff, 0xff, 0xff,
    0xff, 0xff, 0xff, 0xb0, 0x6f, 0xff, 0xff, 0xff,
    0xff, 0xff, 0xff, 0xff, 0xff, 0xff, 0x30, 0x6f,
    0xff, 0xff, 0xff, 0xff, 0xff, 0xff, 0xff, 0xff,
    0xf6, 0x0, 0x6f, 0xff, 0xff, 0xff, 0xff, 0xff,
    0xff, 0xff, 0xea, 0x30, 0x0,

    /* U+004B "K" */
    0x9f, 0xff, 0x70, 0x0, 0x0, 0x0, 0x0, 0x0,
    0x6, 0xff, 0xff, 0xf5, 0x9f, 0xff, 0x70, 0x0,
    0x0, 0x0, 0x0, 0x0, 0x5f, 0xff, 0xff, 0x60,
    0x9f, 0xff, 0x70, 0x0, 0x0, 0x0, 0x0, 0x4,
    0xff, 0xff, 0xf6, 0x0, 0x9f, 0xff, 0x70, 0x0,
    0x0, 0x0, 0x0, 0x3f, 0xff, 0xff, 0x70, 0x0,
    0x9f, 0xff, 0x70, 0x0, 0x0, 0x0, 0x2, 0xef,
    0xff, 0xf8, 0x0, 0x0, 0x9f, 0xff, 0x70, 0x0,
    0x0, 0x0, 0x1e, 0xff, 0xff, 0x80, 0x0, 0x0,
    0x9f, 0xff, 0x70, 0x0, 0x0, 0x1, 0xdf, 0xff,
    0xf9, 0x0, 0x0, 0x0, 0x9f, 0xff, 0x70, 0x0,
    0x0, 0xc, 0xff, 0xff, 0x90, 0x0, 0x0, 0x0,
    0x9f, 0xff, 0x70, 0x0, 0x0, 0xbf, 0xff, 0xfa,
    0x0, 0x0, 0x0, 0x0, 0x9f, 0xff, 0x70, 0x11,
    0x1b, 0xff, 0xff, 0xa0, 0x0, 0x0, 0x0, 0x0,
    0x9f, 0xff, 0x70, 0xef, 0xff, 0xff, 0xfb, 0x0,
    0x0, 0x0, 0x0, 0x0, 0x9f, 0xff, 0x70, 0xef,
    0xff, 0xff, 0xb0, 0x0, 0x0, 0x0, 0x0, 0x0,
    0x9f, 0xff, 0x70, 0xef, 0xff, 0xff, 0xd1, 0x0,
    0x0, 0x0, 0x0, 0x0, 0x9f, 0xff, 0x70, 0xef,
    0xff, 0xff, 0xfd, 0x10, 0x0, 0x0, 0x0, 0x0,
    0x9f, 0xff, 0x70, 0x0, 0x8, 0xff, 0xff, 0xd1,
    0x0, 0x0, 0x0, 0x0, 0x9f, 0xff, 0x70, 0x0,
    0x0, 0x8f, 0xff, 0xfe, 0x20, 0x0, 0x0, 0x0,
    0x9f, 0xff, 0x70, 0x0, 0x0, 0x8, 0xff, 0xff,
    0xe2, 0x0, 0x0, 0x0, 0x9f, 0xff, 0x70, 0x0,
    0x0, 0x0, 0x8f, 0xff, 0xfe, 0x30, 0x0, 0x0,
    0x9f, 0xff, 0x70, 0x0, 0x0, 0x0, 0x7, 0xff,
    0xff, 0xe3, 0x0, 0x0, 0x9f, 0xff, 0x70, 0x0,
    0x0, 0x0, 0x0, 0x7f, 0xff, 0xff, 0x30, 0x0,
    0x9f, 0xff, 0x70, 0x0, 0x0, 0x0, 0x0, 0x7,
    0xff, 0xff, 0xf4, 0x0, 0x9f, 0xff, 0x70, 0x0,
    0x0, 0x0, 0x0, 0x0, 0x7f, 0xff, 0xff, 0x40,
    0x9f, 0xff, 0x70, 0x0, 0x0, 0x0, 0x0, 0x0,
    0x6, 0xff, 0xff, 0xf5,

    /* U+004C "L" */
    0xaf, 0xff, 0x60, 0x0, 0x0, 0x0, 0x0, 0x0,
    0x0, 0x0, 0xa, 0xff, 0xf6, 0x0, 0x0, 0x0,
    0x0, 0x0, 0x0, 0x0, 0x0, 0xaf, 0xff, 0x60,
    0x0, 0x0, 0x0, 0x0, 0x0, 0x0, 0x0, 0xa,
    0xff, 0xf6, 0x0, 0x0, 0x0, 0x0, 0x0, 0x0,
    0x0, 0x0, 0xaf, 0xff, 0x60, 0x0, 0x0, 0x0,
    0x0, 0x0, 0x0, 0x0, 0xa, 0xff, 0xf6, 0x0,
    0x0, 0x0, 0x0, 0x0, 0x0, 0x0, 0x0, 0xaf,
    0xff, 0x60, 0x0, 0x0, 0x0, 0x0, 0x0, 0x0,
    0x0, 0xa, 0xff, 0xf6, 0x0, 0x0, 0x0, 0x0,
    0x0, 0x0, 0x0, 0x0, 0xaf, 0xff, 0x60, 0x0,
    0x0, 0x0, 0x0, 0x0, 0x0, 0x0, 0xa, 0xff,
    0xf6, 0x0, 0x0, 0x0, 0x0, 0x0, 0x0, 0x0,
    0x0, 0xaf, 0xff, 0x60, 0x0, 0x0, 0x0, 0x0,
    0x0, 0x0, 0x0, 0xa, 0xff, 0xf6, 0x0, 0x0,
    0x0, 0x0, 0x0, 0x0, 0x0, 0x0, 0xaf, 0xff,
    0x60, 0x0, 0x0, 0x0, 0x0, 0x0, 0x0, 0x0,
    0xa, 0xff, 0xf6, 0x0, 0x0, 0x0, 0x0, 0x0,
    0x0, 0x0, 0x0, 0xaf, 0xff, 0x60, 0x0, 0x0,
    0x0, 0x0, 0x0, 0x0, 0x0, 0xa, 0xff, 0xf6,
    0x0, 0x0, 0x0, 0x0, 0x0, 0x0, 0x0, 0x0,
    0xaf, 0xff, 0x60, 0x0, 0x0, 0x0, 0x0, 0x0,
    0x0, 0x0, 0xa, 0xff, 0xf6, 0x0, 0x0, 0x0,
    0x0, 0x0, 0x0, 0x0, 0x0, 0xaf, 0xff, 0x71,
    0x11, 0x11, 0x11, 0x11, 0x11, 0x11, 0x11, 0x1a,
    0xff, 0xff, 0xff, 0xff, 0xff, 0xff, 0xff, 0xff,
    0xff, 0xff, 0xaf, 0xff, 0xff, 0xff, 0xff, 0xff,
    0xff, 0xff, 0xff, 0xff, 0xf8, 0xff, 0xff, 0xff,
    0xff, 0xff, 0xff, 0xff, 0xff, 0xff, 0xff, 0x1b,
    0xff, 0xff, 0xff, 0xff, 0xff, 0xff, 0xff, 0xff,
    0xff, 0xf0,

    /* U+004D "M" */
    0x9, 0xc7, 0x0, 0x0, 0x0, 0x0, 0x0, 0x0,
    0x0, 0x0, 0x0, 0x9, 0xd7, 0x7, 0xff, 0xf5,
    0x0, 0x0, 0x0, 0x0, 0x0, 0x0, 0x0, 0x0,
    0x9, 0xff, 0xf4, 0xaf, 0xff, 0xd0, 0x0, 0x0,
    0x0, 0x0, 0x0, 0x0, 0x0, 0x2, 0xff, 0xff,
    0x6a, 0xff, 0xff, 0x70, 0x0, 0x0, 0x0, 0x0,
    0x0, 0x0, 0x0, 0xbf, 0xff, 0xf7, 0xaf, 0xff,
    0xff, 0x10, 0x0, 0x0, 0x0, 0x0, 0x0, 0x0,
    0x4f, 0xff, 0xff, 0x7a, 0xff, 0xff, 0xf9, 0x0,
    0x0, 0x0, 0x0, 0x0, 0x0, 0xd, 0xff, 0xff,
    0xf7, 0xaf, 0xff, 0xff, 0xf3, 0x0, 0x0, 0x0,
    0x0, 0x0, 0x7, 0xff, 0xff, 0xff, 0x7a, 0xff,
    0xff, 0xff, 0xc0, 0x0, 0x0, 0x0, 0x0, 0x1,
    0xef, 0xff, 0xff, 0xf7, 0xaf, 0xff, 0xff, 0xff,
    0x50, 0x0, 0x0, 0x0, 0x0, 0x9f, 0xff, 0xff,
    0xff, 0x7a, 0xff, 0xff, 0xff, 0xfd, 0x0, 0x0,
    0x0, 0x0, 0x2f, 0xff, 0xff, 0xff, 0xf7, 0xaf,
    0xff, 0x8f, 0xff, 0xf7, 0x0, 0x0, 0x0, 0xb,
    0xff, 0xfc, 0xaf, 0xff, 0x7a, 0xff, 0xf6, 0x7f,
    0xff, 0xf1, 0x0, 0x0, 0x4, 0xff, 0xff, 0x3a,
    0xff, 0xf7, 0xaf, 0xff, 0x60, 0xdf, 0xff, 0x90,
    0x0, 0x0, 0xdf, 0xff, 0xa0, 0xaf, 0xff, 0x7a,
    0xff, 0xf6, 0x4, 0xff, 0xff, 0x30, 0x0, 0x7f,
    0xff, 0xf1, 0xa, 0xff, 0xf7, 0xaf, 0xff, 0x60,
    0xb, 0xff, 0xfc, 0x0, 0x1e, 0xff, 0xf7, 0x0,
    0xaf, 0xff, 0x7a, 0xff, 0xf6, 0x0, 0x2f, 0xff,
    0xf5, 0x9, 0xff, 0xfe, 0x0, 0xa, 0xff, 0xf7,
    0xaf, 0xff, 0x60, 0x0, 0x8f, 0xff, 0xd3, 0xff,
    0xff, 0x50, 0x0, 0xaf, 0xff, 0x7a, 0xff, 0xf6,
    0x0, 0x0, 0xef, 0xff, 0xff, 0xff, 0xc0, 0x0,
    0xa, 0xff, 0xf7, 0xaf, 0xff, 0x60, 0x0, 0x6,
    0xff, 0xff, 0xff, 0xf3, 0x0, 0x0, 0xaf, 0xff,
    0x7a, 0xff, 0xf6, 0x0, 0x0, 0xc, 0xff, 0xff,
    0xf9, 0x0, 0x0, 0xa, 0xff, 0xf7, 0xaf, 0xff,
    0x60, 0x0, 0x0, 0x3f, 0xff, 0xff, 0x10, 0x0,
    0x0, 0xaf, 0xff, 0x7a, 0xff, 0xf6, 0x0, 0x0,
    0x0, 0xaf, 0xff, 0x70, 0x0, 0x0, 0xa, 0xff,
    0xf7, 0xaf, 0xff, 0x60, 0x0, 0x0, 0x1, 0xbf,
    0x90, 0x0, 0x0, 0x0, 0xaf, 0xff, 0x70,

    /* U+004E "N" */
    0x0, 0x0, 0x0, 0x0, 0x0, 0x0, 0x0, 0x0,
    0x0, 0x0, 0x0, 0x1, 0xbf, 0x90, 0x0, 0x0,
    0x0, 0x0, 0x0, 0x0, 0x5, 0xff, 0xfc, 0x8f,
    0xff, 0xa0, 0x0, 0x0, 0x0, 0x0, 0x0, 0x0,
    0x5f, 0xff, 0xca, 0xff, 0xff, 0x90, 0x0, 0x0,
    0x0, 0x0, 0x0, 0x5, 0xff, 0xfc, 0xaf, 0xff,
    0xff, 0x90, 0x0, 0x0, 0x0, 0x0, 0x0, 0x5f,
    0xff, 0xca, 0xff, 0xff, 0xff, 0x80, 0x0, 0x0,
    0x0, 0x0, 0x5, 0xff, 0xfc, 0xaf, 0xff, 0xff,
    0xff, 0x70, 0x0, 0x0, 0x0, 0x0, 0x5f, 0xff,
    0xca, 0xff, 0xff, 0xff, 0xff, 0x70, 0x0, 0x0,
    0x0, 0x5, 0xff, 0xfc, 0xaf, 0xff, 0x8d, 0xff,
    0xff, 0x60, 0x0, 0x0, 0x0, 0x5f, 0xff, 0xca,
    0xff, 0xf6, 0x1d, 0xff, 0xff, 0x50, 0x0, 0x0,
    0x5, 0xff, 0xfc, 0xaf, 0xff, 0x60, 0x1e, 0xff,
    0xff, 0x50, 0x0, 0x0, 0x5f, 0xff, 0xca, 0xff,
    0xf6, 0x0, 0x2e, 0xff, 0xff, 0x40, 0x0, 0x5,
    0xff, 0xfc, 0xaf, 0xff, 0x60, 0x0, 0x2e, 0xff,
    0xff, 0x30, 0x0, 0x5f, 0xff, 0xca, 0xff, 0xf6,
    0x0, 0x0, 0x3f, 0xff, 0xff, 0x30, 0x5, 0xff,
    0xfc, 0xaf, 0xff, 0x60, 0x0, 0x0, 0x3f, 0xff,
    0xfe, 0x20, 0x5f, 0xff, 0xca, 0xff, 0xf6, 0x0,
    0x0, 0x0, 0x4f, 0xff, 0xfe, 0x25, 0xff, 0xfc,
    0xaf, 0xff, 0x60, 0x0, 0x0, 0x0, 0x5f, 0xff,
    0xfe, 0x7f, 0xff, 0xca, 0xff, 0xf6, 0x0, 0x0,
    0x0, 0x0, 0x5f, 0xff, 0xff, 0xff, 0xfc, 0xaf,
    0xff, 0x60, 0x0, 0x0, 0x0, 0x0, 0x6f, 0xff,
    0xff, 0xff, 0xca, 0xff, 0xf6, 0x0, 0x0, 0x0,
    0x0, 0x0, 0x7f, 0xff, 0xff, 0xfc, 0xaf, 0xff,
    0x60, 0x0, 0x0, 0x0, 0x0, 0x0, 0x8f, 0xff,
    0xff, 0xca, 0xff, 0xf6, 0x0, 0x0, 0x0, 0x0,
    0x0, 0x0, 0x8f, 0xff, 0xfb, 0xaf, 0xff, 0x60,
    0x0, 0x0, 0x0, 0x0, 0x0, 0x0, 0x9f, 0xff,
    0x9a, 0xff, 0xf6, 0x0, 0x0, 0x0, 0x0, 0x0,
    0x0, 0x0, 0x8f, 0xc1,

    /* U+004F "O" */
    0x0, 0x0, 0x0, 0x5a, 0xdf, 0xff, 0xff, 0xff,
    0xec, 0x82, 0x0, 0x0, 0x0, 0x0, 0x4, 0xdf,
    0xff, 0xff, 0xff, 0xff, 0xff, 0xff, 0xfa, 0x10,
    0x0, 0x0, 0x7, 0xff, 0xff, 0xff, 0xff, 0xff,
    0xff, 0xff, 0xff, 0xfd, 0x20, 0x0, 0x6, 0xff,
    0xff, 0xff, 0xff, 0xff, 0xff, 0xff, 0xff, 0xff,
    0xfd, 0x10, 0x1, 0xff, 0xff, 0xfa, 0x42, 0x11,
    0x11, 0x11, 0x26, 0xdf, 0xff, 0xf9, 0x0, 0x9f,
    0xff, 0xf4, 0x0, 0x0, 0x0, 0x0, 0x0, 0x0,
    0xbf, 0xff, 0xf1, 0xe, 0xff, 0xf7, 0x0, 0x0,
    0x0, 0x0, 0x0, 0x0, 0x0, 0xef, 0xff, 0x62,
    0xff, 0xff, 0x0, 0x0, 0x0, 0x0, 0x0, 0x0,
    0x0, 0x7, 0xff, 0xfb, 0x4f, 0xff, 0xc0, 0x0,
    0x0, 0x0, 0x0, 0x0, 0x0, 0x0, 0x4f, 0xff,
    0xc5, 0xff, 0xfb, 0x0, 0x0, 0x0, 0x0, 0x0,
    0x0, 0x0, 0x3, 0xff, 0xfd, 0x5f, 0xff, 0xb0,
    0x0, 0x0, 0x0, 0x0, 0x0, 0x0, 0x0, 0x3f,
    0xff, 0xe5, 0xff, 0xfb, 0x0, 0x0, 0x0, 0x0,
    0x0, 0x0, 0x0, 0x3, 0xff, 0xfe, 0x5f, 0xff,
    0xb0, 0x0, 0x0, 0x0, 0x0, 0x0, 0x0, 0x0,
    0x3f, 0xff, 0xe5, 0xff, 0xfb, 0x0, 0x0, 0x0,
    0x0, 0x0, 0x0, 0x0, 0x3, 0xff, 0xfd, 0x4f,
    0xff, 0xc0, 0x0, 0x0, 0x0, 0x0, 0x0, 0x0,
    0x0, 0x4f, 0xff, 0xc2, 0xff, 0xff, 0x0, 0x0,
    0x0, 0x0, 0x0, 0x0, 0x0, 0x7, 0xff, 0xfb,
    0xe, 0xff, 0xf7, 0x0, 0x0, 0x0, 0x0, 0x0,
    0x0, 0x0, 0xef, 0xff, 0x60, 0x9f, 0xff, 0xf4,
    0x0, 0x0, 0x0, 0x0, 0x0, 0x0, 0xbf, 0xff,
    0xf1, 0x1, 0xff, 0xff, 0xfa, 0x42, 0x11, 0x11,
    0x11, 0x36, 0xdf, 0xff, 0xf9, 0x0, 0x6, 0xff,
    0xff, 0xff, 0xff, 0xff, 0xff, 0xff, 0xff, 0xff,
    0xfd, 0x10, 0x0, 0x7, 0xff, 0xff, 0xff, 0xff,
    0xff, 0xff, 0xff, 0xff, 0xfe, 0x20, 0x0, 0x0,
    0x5, 0xef, 0xff, 0xff, 0xff, 0xff, 0xff, 0xff,
    0xfa, 0x10, 0x0, 0x0, 0x0, 0x0, 0x5a, 0xdf,
    0xff, 0xff, 0xff, 0xec, 0x82, 0x0, 0x0, 0x0,

    /* U+0050 "P" */
    0x0, 0x6, 0xcf, 0xff, 0xff, 0xff, 0xff, 0xff,
    0xea, 0x40, 0x0, 0x0, 0x1c, 0xff, 0xff, 0xff,
    0xff, 0xff, 0xff, 0xff, 0xff, 0xb1, 0x0, 0xb,
    0xff, 0xff, 0xff, 0xff, 0xff, 0xff, 0xff, 0xff,
    0xff, 0xc0, 0x4, 0xff, 0xff, 0xff, 0xff, 0xff,
    0xff, 0xff, 0xff, 0xff, 0xff, 0x70, 0x8f, 0xff,
    0xc2, 0x11, 0x11, 0x11, 0x11, 0x11, 0x5e, 0xff,
    0xff, 0xa, 0xff, 0xf6, 0x0, 0x0, 0x0, 0x0,
    0x0, 0x0, 0x2f, 0xff, 0xf5, 0xbf, 0xff, 0x50,
    0x0, 0x0, 0x0, 0x0, 0x0, 0x0, 0xaf, 0xff,
    0x9b, 0xff, 0xf5, 0x0, 0x0, 0x0, 0x0, 0x0,
    0x0, 0x6, 0xff, 0xfa, 0xbf, 0xff, 0x50, 0x0,
    0x0, 0x0, 0x0, 0x0, 0x0, 0x6f, 0xff, 0xbb,
    0xff, 0xf5, 0x0, 0x0, 0x0, 0x0, 0x0, 0x0,
    0x6, 0xff, 0xfa, 0xbf, 0xff, 0x50, 0x0, 0x0,
    0x0, 0x0, 0x0, 0x0, 0x8f, 0xff, 0x9b, 0xff,
    0xf5, 0x0, 0x0, 0x0, 0x0, 0x0, 0x0, 0x1e,
    0xff, 0xf7, 0xbf, 0xff, 0x50, 0x0, 0x0, 0x0,
    0x0, 0x1, 0x5d, 0xff, 0xff, 0x2b, 0xff, 0xf5,
    0xf, 0xff, 0xff, 0xff, 0xff, 0xff, 0xff, 0xff,
    0xa0, 0xbf, 0xff, 0x50, 0xff, 0xff, 0xff, 0xff,
    0xff, 0xff, 0xff, 0xd1, 0xb, 0xff, 0xf5, 0xf,
    0xff, 0xff, 0xff, 0xff, 0xff, 0xff, 0xb1, 0x0,
    0xbf, 0xff, 0x50, 0xff, 0xff, 0xff, 0xff, 0xff,
    0xfa, 0x50, 0x0, 0xb, 0xff, 0xf5, 0x1, 0x11,
    0x11, 0x11, 0x11, 0x0, 0x0, 0x0, 0x0, 0xbf,
    0xff, 0x50, 0x0, 0x0, 0x0, 0x0, 0x0, 0x0,
    0x0, 0x0, 0xb, 0xff, 0xf5, 0x0, 0x0, 0x0,
    0x0, 0x0, 0x0, 0x0, 0x0, 0x0, 0xbf, 0xff,
    0x50, 0x0, 0x0, 0x0, 0x0, 0x0, 0x0, 0x0,
    0x0, 0xb, 0xff, 0xf5, 0x0, 0x0, 0x0, 0x0,
    0x0, 0x0, 0x0, 0x0, 0x0, 0xbf, 0xff, 0x50,
    0x0, 0x0, 0x0, 0x0, 0x0, 0x0, 0x0, 0x0,
    0x0,

    /* U+0051 "Q" */
    0x0, 0x0, 0x0, 0x5a, 0xdf, 0xff, 0xff, 0xff,
    0xec, 0x82, 0x0, 0x0, 0x0, 0x0, 0x4, 0xdf,
    0xff, 0xff, 0xff, 0xff, 0xff, 0xff, 0xfa, 0x10,
    0x0, 0x0, 0x7, 0xff, 0xff, 0xff, 0xff, 0xff,
    0xff, 0xff, 0xff, 0xfd, 0x20, 0x0, 0x6, 0xff,
    0xff, 0xff, 0xff, 0xff, 0xff, 0xff, 0xff, 0xff,
    0xfd, 0x10, 0x1, 0xff, 0xff, 0xfa, 0x42, 0x11,
    0x11, 0x11, 0x26, 0xdf, 0xff, 0xf9, 0x0, 0x9f,
    0xff, 0xf4, 0x0, 0x0, 0x0, 0x0, 0x0, 0x0,
    0xbf, 0xff, 0xf1, 0xe, 0xff, 0xf7, 0x0, 0x0,
    0x0, 0x0, 0x0, 0x0, 0x0, 0xef, 0xff, 0x62,
    0xff, 0xff, 0x0, 0x0, 0x0, 0x0, 0x0, 0x0,
    0x0, 0x7, 0xff, 0xfb, 0x4f, 0xff, 0xc0, 0x0,
    0x0, 0x0, 0x0, 0x0, 0x0, 0x0, 0x4f, 0xff,
    0xc5, 0xff, 0xfb, 0x0, 0x0, 0x0, 0x0, 0x0,
    0x0, 0x0, 0x3, 0xff, 0xfd, 0x5f, 0xff, 0xb0,
    0x0, 0x0, 0x0, 0x0, 0x0, 0x0, 0x0, 0x3f,
    0xff, 0xe5, 0xff, 0xfb, 0x0, 0x0, 0x0, 0x0,
    0x0, 0x0, 0x0, 0x3, 0xff, 0xfe, 0x5f, 0xff,
    0xb0, 0x0, 0x0, 0x0, 0x0, 0x0, 0x0, 0x0,
    0x3f, 0xff, 0xe5, 0xff, 0xfb, 0x0, 0x0, 0x0,
    0x0, 0x0, 0x0, 0x0, 0x3, 0xff, 0xfd, 0x4f,
    0xff, 0xc0, 0x0, 0x0, 0x0, 0x0, 0x0, 0x0,
    0x0, 0x4f, 0xff, 0xd2, 0xff, 0xff, 0x0, 0x0,
    0x0, 0x0, 0x0, 0x0, 0x0, 0x7, 0xff, 0xfb,
    0xe, 0xff, 0xf7, 0x0, 0x0, 0x0, 0x0, 0x0,
    0x0, 0x0, 0xef, 0xff, 0x70, 0x9f, 0xff, 0xf4,
    0x0, 0x0, 0x0, 0x0, 0x0, 0x0, 0xbf, 0xff,
    0xf1, 0x1, 0xff, 0xff, 0xfa, 0x42, 0x11, 0x11,
    0x11, 0x36, 0xdf, 0xff, 0xf9, 0x0, 0x6, 0xff,
    0xff, 0xff, 0xff, 0xff, 0xff, 0xff, 0xff, 0xff,
    0xfd, 0x10, 0x0, 0x7, 0xff, 0xff, 0xff, 0xff,
    0xff, 0xff, 0xff, 0xff, 0xfe, 0x20, 0x0, 0x0,
    0x5, 0xef, 0xff, 0xff, 0xff, 0xff, 0xff, 0xff,
    0xfa, 0x10, 0x0, 0x0, 0x0, 0x0, 0x5a, 0xdf,
    0xff, 0xff, 0xff, 0xff, 0xf7, 0x0, 0x0, 0x0,
    0x0, 0x0, 0x0, 0x0, 0x0, 0x0, 0x5, 0xff,
    0xff, 0xf8, 0x0, 0x0, 0x0, 0x0, 0x0, 0x0,
    0x0, 0x0, 0x0, 0x2, 0xdf, 0xff, 0xfc, 0x10,
    0x0, 0x0, 0x0, 0x0, 0x0, 0x0, 0x0, 0x0,
    0x0, 0xaf, 0xff, 0xfe, 0x40,

    /* U+0052 "R" */
    0x1b, 0xff, 0xff, 0xff, 0xff, 0xff, 0xff, 0xff,
    0xff, 0xeb, 0x30, 0x0, 0x8f, 0xff, 0xff, 0xff,
    0xff, 0xff, 0xff, 0xff, 0xff, 0xff, 0xf5, 0x0,
    0xaf, 0xff, 0xff, 0xff, 0xff, 0xff, 0xff, 0xff,
    0xff, 0xff, 0xff, 0x10, 0xaf, 0xff, 0xff, 0xff,
    0xff, 0xff, 0xff, 0xff, 0xff, 0xff, 0xff, 0x70,
    0xaf, 0xff, 0x71, 0x11, 0x11, 0x11, 0x11, 0x11,
    0x11, 0x8f, 0xff, 0xa0, 0xaf, 0xff, 0x60, 0x0,
    0x0, 0x0, 0x0, 0x0, 0x0, 0x5f, 0xff, 0xb0,
    0xaf, 0xff, 0x60, 0x0, 0x0, 0x0, 0x0, 0x0,
    0x0, 0x5f, 0xff, 0xc0, 0xaf, 0xff, 0x60, 0x0,
    0x0, 0x0, 0x0, 0x0, 0x0, 0x5f, 0xff, 0xb0,
    0xaf, 0xff, 0x60, 0x0, 0x0, 0x0, 0x0, 0x0,
    0x0, 0x6f, 0xff, 0xb0, 0xaf, 0xff, 0x60, 0x0,
    0x0, 0x0, 0x0, 0x0, 0x0, 0x9f, 0xff, 0xa0,
    0xaf, 0xff, 0x60, 0x0, 0x0, 0x0, 0x0, 0x0,
    0x2, 0xff, 0xff, 0x60, 0xaf, 0xff, 0x60, 0x11,
    0x11, 0x11, 0x11, 0x12, 0x7f, 0xff, 0xff, 0x10,
    0xaf, 0xff, 0x60, 0xff, 0xff, 0xff, 0xff, 0xff,
    0xff, 0xff, 0xf8, 0x0, 0xaf, 0xff, 0x60, 0xff,
    0xff, 0xff, 0xff, 0xff, 0xff, 0xff, 0xb0, 0x0,
    0xaf, 0xff, 0x60, 0xff, 0xff, 0xff, 0xff, 0xff,
    0xff, 0xf9, 0x0, 0x0, 0xaf, 0xff, 0x60, 0xff,
    0xff, 0xff, 0xff, 0xff, 0xd9, 0x30, 0x0, 0x0,
    0xaf, 0xff, 0x60, 0x0, 0x7, 0xff, 0xff, 0xfc,
    0x10, 0x0, 0x0, 0x0, 0xaf, 0xff, 0x60, 0x0,
    0x0, 0x4f, 0xff, 0xff, 0xd2, 0x0, 0x0, 0x0,
    0xaf, 0xff, 0x60, 0x0, 0x0, 0x2, 0xdf, 0xff,
    0xff, 0x40, 0x0, 0x0, 0xaf, 0xff, 0x60, 0x0,
    0x0, 0x0, 0x1b, 0xff, 0xff, 0xf7, 0x0, 0x0,
    0xaf, 0xff, 0x60, 0x0, 0x0, 0x0, 0x0, 0x9f,
    0xff, 0xff, 0xa0, 0x0, 0xaf, 0xff, 0x60, 0x0,
    0x0, 0x0, 0x0, 0x6, 0xff, 0xff, 0xfc, 0x10,
    0xaf, 0xff, 0x60, 0x0, 0x0, 0x0, 0x0, 0x0,
    0x3e, 0xff, 0xff, 0xe3,

    /* U+0053 "S" */
    0x0, 0x0, 0x7c, 0xff, 0xff, 0xff, 0xff, 0xff,
    0xff, 0xff, 0xd0, 0x0, 0x3, 0xef, 0xff, 0xff,
    0xff, 0xff, 0xff, 0xff, 0xff, 0xfd, 0x0, 0x2,
    0xef, 0xff, 0xff, 0xff, 0xff, 0xff, 0xff, 0xff,
    0xff, 0xd0, 0x0, 0xbf, 0xff, 0xff, 0xff, 0xff,
    0xff, 0xff, 0xff, 0xff, 0xfd, 0x0, 0x1f, 0xff,
    0xfa, 0x21, 0x11, 0x11, 0x11, 0x11, 0x11, 0x11,
    0x10, 0x5, 0xff, 0xfd, 0x0, 0x0, 0x0, 0x0,
    0x0, 0x0, 0x0, 0x0, 0x0, 0x7f, 0xff, 0xa0,
    0x0, 0x0, 0x0, 0x0, 0x0, 0x0, 0x0, 0x0,
    0x7, 0xff, 0xfa, 0x0, 0x0, 0x0, 0x0, 0x0,
    0x0, 0x0, 0x0, 0x0, 0x5f, 0xff, 0xd0, 0x0,
    0x0, 0x0, 0x0, 0x0, 0x0, 0x0, 0x0, 0x1,
    0xff, 0xff, 0xa3, 0x11, 0x11, 0x11, 0x11, 0x11,
    0x0, 0x0, 0x0, 0xb, 0xff, 0xff, 0xff, 0xff,
    0xff, 0xff, 0xff, 0xff, 0xa4, 0x0, 0x0, 0x2e,
    0xff, 0xff, 0xff, 0xff, 0xff, 0xff, 0xff, 0xff,
    0xf9, 0x0, 0x0, 0x3e, 0xff, 0xff, 0xff, 0xff,
    0xff, 0xff, 0xff, 0xff, 0xf9, 0x0, 0x0, 0x7,
    0xcf, 0xff, 0xff, 0xff, 0xff, 0xff, 0xff, 0xff,
    0xf2, 0x0, 0x0, 0x0, 0x0, 0x0, 0x0, 0x0,
    0x0, 0x4, 0xef, 0xff, 0x90, 0x0, 0x0, 0x0,
    0x0, 0x0, 0x0, 0x0, 0x0, 0x6, 0xff, 0xfd,
    0x0, 0x0, 0x0, 0x0, 0x0, 0x0, 0x0, 0x0,
    0x0, 0x3f, 0xff, 0xd0, 0x0, 0x0, 0x0, 0x0,
    0x0, 0x0, 0x0, 0x0, 0x6, 0xff, 0xfc, 0x1,
    0x11, 0x11, 0x11, 0x11, 0x11, 0x11, 0x11, 0x25,
    0xef, 0xff, 0x95, 0xff, 0xff, 0xff, 0xff, 0xff,
    0xff, 0xff, 0xff, 0xff, 0xff, 0xf2, 0x5f, 0xff,
    0xff, 0xff, 0xff, 0xff, 0xff, 0xff, 0xff, 0xff,
    0xf9, 0x5, 0xff, 0xff, 0xff, 0xff, 0xff, 0xff,
    0xff, 0xff, 0xff, 0xf9, 0x0, 0x5f, 0xff, 0xff,
    0xff, 0xff, 0xff, 0xff, 0xff, 0xfd, 0x93, 0x0,
    0x0,

    /* U+0054 "T" */
    0x6f, 0xff, 0xff, 0xff, 0xff, 0xff, 0xff, 0xff,
    0xff, 0xff, 0xff, 0x96, 0xff, 0xff, 0xff, 0xff,
    0xff, 0xff, 0xff, 0xff, 0xff, 0xff, 0xf9, 0x6f,
    0xff, 0xff, 0xff, 0xff, 0xff, 0xff, 0xff, 0xff,
    0xff, 0xff, 0x96, 0xff, 0xff, 0xff, 0xff, 0xff,
    0xff, 0xff, 0xff, 0xff, 0xff, 0xf9, 0x1, 0x11,
    0x11, 0x11, 0x17, 0xff, 0xfa, 0x11, 0x11, 0x11,
    0x11, 0x0, 0x0, 0x0, 0x0, 0x0, 0x6f, 0xff,
    0xa0, 0x0, 0x0, 0x0, 0x0, 0x0, 0x0, 0x0,
    0x0, 0x6, 0xff, 0xfa, 0x0, 0x0, 0x0, 0x0,
    0x0, 0x0, 0x0, 0x0, 0x0, 0x6f, 0xff, 0xa0,
    0x0, 0x0, 0x0, 0x0, 0x0, 0x0, 0x0, 0x0,
    0x6, 0xff, 0xfa, 0x0, 0x0, 0x0, 0x0, 0x0,
    0x0, 0x0, 0x0, 0x0, 0x6f, 0xff, 0xa0, 0x0,
    0x0, 0x0, 0x0, 0x0, 0x0, 0x0, 0x0, 0x6,
    0xff, 0xfa, 0x0, 0x0, 0x0, 0x0, 0x0, 0x0,
    0x0, 0x0, 0x0, 0x6f, 0xff, 0xa0, 0x0, 0x0,
    0x0, 0x0, 0x0, 0x0, 0x0, 0x0, 0x6, 0xff,
    0xfa, 0x0, 0x0, 0x0, 0x0, 0x0, 0x0, 0x0,
    0x0, 0x0, 0x6f, 0xff, 0xa0, 0x0, 0x0, 0x0,
    0x0, 0x0, 0x0, 0x0, 0x0, 0x6, 0xff, 0xfa,
    0x0, 0x0, 0x0, 0x0, 0x0, 0x0, 0x0, 0x0,
    0x0, 0x6f, 0xff, 0xa0, 0x0, 0x0, 0x0, 0x0,
    0x0, 0x0, 0x0, 0x0, 0x6, 0xff, 0xfa, 0x0,
    0x0, 0x0, 0x0, 0x0, 0x0, 0x0, 0x0, 0x0,
    0x6f, 0xff, 0xa0, 0x0, 0x0, 0x0, 0x0, 0x0,
    0x0, 0x0, 0x0, 0x6, 0xff, 0xfa, 0x0, 0x0,
    0x0, 0x0, 0x0, 0x0, 0x0, 0x0, 0x0, 0x6f,
    0xff, 0xa0, 0x0, 0x0, 0x0, 0x0, 0x0, 0x0,
    0x0, 0x0, 0x6, 0xff, 0xfa, 0x0, 0x0, 0x0,
    0x0, 0x0, 0x0, 0x0, 0x0, 0x0, 0x6f, 0xff,
    0xa0, 0x0, 0x0, 0x0, 0x0, 0x0, 0x0, 0x0,
    0x0, 0x6, 0xff, 0xfa, 0x0, 0x0, 0x0, 0x0,
    0x0,

    /* U+0055 "U" */
    0x1f, 0xff, 0xf0, 0x0, 0x0, 0x0, 0x0, 0x0,
    0x0, 0xc, 0xff, 0xf5, 0x1f, 0xff, 0xf0, 0x0,
    0x0, 0x0, 0x0, 0x0, 0x0, 0xc, 0xff, 0xf5,
    0x1f, 0xff, 0xf0, 0x0, 0x0, 0x0, 0x0, 0x0,
    0x0, 0xc, 0xff, 0xf5, 0x1f, 0xff, 0xf0, 0x0,
    0x0, 0x0, 0x0, 0x0, 0x0, 0xc, 0xff, 0xf5,
    0x1f, 0xff, 0xf0, 0x0, 0x0, 0x0, 0x0, 0x0,
    0x0, 0xc, 0xff, 0xf5, 0x1f, 0xff, 0xf0, 0x0,
    0x0, 0x0, 0x0, 0x0, 0x0, 0xc, 0xff, 0xf5,
    0x1f, 0xff, 0xf0, 0x0, 0x0, 0x0, 0x0, 0x0,
    0x0, 0xc, 0xff, 0xf5, 0x1f, 0xff, 0xf0, 0x0,
    0x0, 0x0, 0x0, 0x0, 0x0, 0xc, 0xff, 0xf5,
    0x1f, 0xff, 0xf0, 0x0, 0x0, 0x0, 0x0, 0x0,
    0x0, 0xc, 0xff, 0xf5, 0x1f, 0xff, 0xf0, 0x0,
    0x0, 0x0, 0x0, 0x0, 0x0, 0xc, 0xff, 0xf5,
    0x1f, 0xff, 0xf0, 0x0, 0x0, 0x0, 0x0, 0x0,
    0x0, 0xc, 0xff, 0xf5, 0x1f, 0xff, 0xf0, 0x0,
    0x0, 0x0, 0x0, 0x0, 0x0, 0xc, 0xff, 0xf5,
    0xf, 0xff, 0xf0, 0x0, 0x0, 0x0, 0x0, 0x0,
    0x0, 0xc, 0xff, 0xf5, 0xf, 0xff, 0xf2, 0x0,
    0x0, 0x0, 0x0, 0x0, 0x0, 0xc, 0xff, 0xf5,
    0xc, 0xff, 0xf7, 0x0, 0x0, 0x0, 0x0, 0x0,
    0x0, 0xc, 0xff, 0xf5, 0x8, 0xff, 0xfe, 0x0,
    0x0, 0x0, 0x0, 0x0, 0x0, 0xc, 0xff, 0xf5,
    0x2, 0xff, 0xff, 0x90, 0x0, 0x0, 0x0, 0x0,
    0x0, 0xc, 0xff, 0xf5, 0x0, 0xaf, 0xff, 0xfa,
    0x10, 0x0, 0x0, 0x0, 0x0, 0xc, 0xff, 0xf5,
    0x0, 0x1e, 0xff, 0xff, 0xf9, 0x42, 0x11, 0x11,
    0x11, 0x1c, 0xff, 0xf5, 0x0, 0x4, 0xff, 0xff,
    0xff, 0xff, 0xff, 0xff, 0xff, 0xff, 0xff, 0xf5,
    0x0, 0x0, 0x3e, 0xff, 0xff, 0xff, 0xff, 0xff,
    0xff, 0xff, 0xff, 0xf4, 0x0, 0x0, 0x1, 0x9f,
    0xff, 0xff, 0xff, 0xff, 0xff, 0xff, 0xff, 0xf2,
    0x0, 0x0, 0x0, 0x1, 0x7b, 0xef, 0xff, 0xff,
    0xff, 0xff, 0xff, 0x80,

    /* U+0056 "V" */
    0xd, 0xff, 0xfb, 0x0, 0x0, 0x0, 0x0, 0x0,
    0x0, 0x0, 0xe, 0xff, 0xf8, 0x5, 0xff, 0xff,
    0x30, 0x0, 0x0, 0x0, 0x0, 0x0, 0x0, 0x7f,
    0xff, 0xf1, 0x0, 0xdf, 0xff, 0xa0, 0x0, 0x0,
    0x0, 0x0, 0x0, 0x0, 0xef, 0xff, 0x90, 0x0,
    0x6f, 0xff, 0xf2, 0x0, 0x0, 0x0, 0x0, 0x0,
    0x7, 0xff, 0xff, 0x10, 0x0, 0xe, 0xff, 0xfa,
    0x0, 0x0, 0x0, 0x0, 0x0, 0xe, 0xff, 0xf9,
    0x0, 0x0, 0x6, 0xff, 0xff, 0x20, 0x0, 0x0,
    0x0, 0x0, 0x6f, 0xff, 0xf2, 0x0, 0x0, 0x0,
    0xef, 0xff, 0x90, 0x0, 0x0, 0x0, 0x0, 0xef,
    0xff, 0xa0, 0x0, 0x0, 0x0, 0x7f, 0xff, 0xf1,
    0x0, 0x0, 0x0, 0x6, 0xff, 0xff, 0x20, 0x0,
    0x0, 0x0, 0xe, 0xff, 0xf9, 0x0, 0x0, 0x0,
    0xd, 0xff, 0xfa, 0x0, 0x0, 0x0, 0x0, 0x7,
    0xff, 0xff, 0x10, 0x0, 0x0, 0x5f, 0xff, 0xf2,
    0x0, 0x0, 0x0, 0x0, 0x0, 0xff, 0xff, 0x80,
    0x0, 0x0, 0xdf, 0xff, 0xb0, 0x0, 0x0, 0x0,
    0x0, 0x0, 0x8f, 0xff, 0xf1, 0x0, 0x5, 0xff,
    0xff, 0x30, 0x0, 0x0, 0x0, 0x0, 0x0, 0x1f,
    0xff, 0xf7, 0x0, 0xc, 0xff, 0xfb, 0x0, 0x0,
    0x0, 0x0, 0x0, 0x0, 0x8, 0xff, 0xfe, 0x0,
    0x4f, 0xff, 0xf3, 0x0, 0x0, 0x0, 0x0, 0x0,
    0x0, 0x1, 0xff, 0xff, 0x70, 0xcf, 0xff, 0xc0,
    0x0, 0x0, 0x0, 0x0, 0x0, 0x0, 0x0, 0x9f,
    0xff, 0xe4, 0xff, 0xff, 0x40, 0x0, 0x0, 0x0,
    0x0, 0x0, 0x0, 0x0, 0x1f, 0xff, 0xff, 0xff,
    0xfc, 0x0, 0x0, 0x0, 0x0, 0x0, 0x0, 0x0,
    0x0, 0x9, 0xff, 0xff, 0xff, 0xf4, 0x0, 0x0,
    0x0, 0x0, 0x0, 0x0, 0x0, 0x0, 0x2, 0xff,
    0xff, 0xff, 0xc0, 0x0, 0x0, 0x0, 0x0, 0x0,
    0x0, 0x0, 0x0, 0x0, 0xaf, 0xff, 0xff, 0x50,
    0x0, 0x0, 0x0, 0x0, 0x0, 0x0, 0x0, 0x0,
    0x0, 0x2f, 0xff, 0xfd, 0x0, 0x0, 0x0, 0x0,
    0x0, 0x0, 0x0, 0x0, 0x0, 0x0, 0xa, 0xff,
    0xf5, 0x0, 0x0, 0x0, 0x0, 0x0, 0x0, 0x0,
    0x0, 0x0, 0x0, 0x1, 0xcf, 0x80, 0x0, 0x0,
    0x0, 0x0, 0x0,

    /* U+0057 "W" */
    0xcf, 0xff, 0x50, 0x0, 0x0, 0x0, 0x0, 0x0,
    0x0, 0x0, 0x0, 0x0, 0x3, 0xff, 0xfe, 0xaf,
    0xff, 0x80, 0x0, 0x0, 0x0, 0x0, 0x0, 0x0,
    0x0, 0x0, 0x0, 0x6, 0xff, 0xfb, 0x7f, 0xff,
    0xa0, 0x0, 0x0, 0x0, 0x0, 0x0, 0x0, 0x0,
    0x0, 0x0, 0x9, 0xff, 0xf8, 0x4f, 0xff, 0xd0,
    0x0, 0x0, 0x0, 0x0, 0x33, 0x0, 0x0, 0x0,
    0x0, 0xc, 0xff, 0xf5, 0x1f, 0xff, 0xf0, 0x0,
    0x0, 0x0, 0x8, 0xff, 0x90, 0x0, 0x0, 0x0,
    0xf, 0xff, 0xf2, 0xe, 0xff, 0xf3, 0x0, 0x0,
    0x0, 0x3f, 0xff, 0xf4, 0x0, 0x0, 0x0, 0x2f,
    0xff, 0xf0, 0xb, 0xff, 0xf6, 0x0, 0x0, 0x0,
    0xcf, 0xff, 0xfe, 0x0, 0x0, 0x0, 0x5f, 0xff,
    0xd0, 0x8, 0xff, 0xf9, 0x0, 0x0, 0x7, 0xff,
    0xff, 0xff, 0x80, 0x0, 0x0, 0x8f, 0xff, 0xa0,
    0x6, 0xff, 0xfc, 0x0, 0x0, 0x1f, 0xff, 0xff,
    0xff, 0xf2, 0x0, 0x0, 0xaf, 0xff, 0x70, 0x3,
    0xff, 0xfe, 0x0, 0x0, 0xaf, 0xff, 0xff, 0xff,
    0xfc, 0x0, 0x0, 0xdf, 0xff, 0x40, 0x0, 0xff,
    0xff, 0x10, 0x4, 0xff, 0xff, 0x86, 0xff, 0xff,
    0x60, 0x0, 0xff, 0xff, 0x10, 0x0, 0xdf, 0xff,
    0x40, 0xd, 0xff, 0xfe, 0x0, 0xdf, 0xff, 0xe1,
    0x3, 0xff, 0xfe, 0x0, 0x0, 0xaf, 0xff, 0x70,
    0x8f, 0xff, 0xf5, 0x0, 0x3f, 0xff, 0xf9, 0x6,
    0xff, 0xfc, 0x0, 0x0, 0x7f, 0xff, 0xa2, 0xff,
    0xff, 0xb0, 0x0, 0x9, 0xff, 0xff, 0x39, 0xff,
    0xf9, 0x0, 0x0, 0x5f, 0xff, 0xdc, 0xff, 0xff,
    0x20, 0x0, 0x1, 0xef, 0xff, 0xdc, 0xff, 0xf6,
    0x0, 0x0, 0x2f, 0xff, 0xff, 0xff, 0xf8, 0x0,
    0x0, 0x0, 0x6f, 0xff, 0xff, 0xff, 0xf3, 0x0,
    0x0, 0xf, 0xff, 0xff, 0xff, 0xe0, 0x0, 0x0,
    0x0, 0xc, 0xff, 0xff, 0xff, 0xf0, 0x0, 0x0,
    0xc, 0xff, 0xff, 0xff, 0x50, 0x0, 0x0, 0x0,
    0x3, 0xff, 0xff, 0xff, 0xd0, 0x0, 0x0, 0x9,
    0xff, 0xff, 0xfb, 0x0, 0x0, 0x0, 0x0, 0x0,
    0x9f, 0xff, 0xff, 0xb0, 0x0, 0x0, 0x6, 0xff,
    0xff, 0xf2, 0x0, 0x0, 0x0, 0x0, 0x0, 0x1e,
    0xff, 0xff, 0x80, 0x0, 0x0, 0x4, 0xff, 0xff,
    0x80, 0x0, 0x0, 0x0, 0x0, 0x0, 0x6, 0xff,
    0xff, 0x50, 0x0, 0x0, 0x0, 0xff, 0xfd, 0x0,
    0x0, 0x0, 0x0, 0x0, 0x0, 0x0, 0xcf, 0xff,
    0x10, 0x0, 0x0, 0x0, 0x6e, 0xd3, 0x0, 0x0,
    0x0, 0x0, 0x0, 0x0, 0x0, 0x1b, 0xd5, 0x0,
    0x0,

    /* U+0058 "X" */
    0x5f, 0xff, 0xff, 0x30, 0x0, 0x0, 0x0, 0x0,
    0x0, 0x1e, 0xff, 0xff, 0x90, 0x8f, 0xff, 0xfe,
    0x10, 0x0, 0x0, 0x0, 0x0, 0xc, 0xff, 0xff,
    0xb0, 0x0, 0xaf, 0xff, 0xfd, 0x0, 0x0, 0x0,
    0x0, 0xa, 0xff, 0xff, 0xd0, 0x0, 0x0, 0xcf,
    0xff, 0xfb, 0x0, 0x0, 0x0, 0x8, 0xff, 0xff,
    0xe2, 0x0, 0x0, 0x1, 0xef, 0xff, 0xf9, 0x0,
    0x0, 0x6, 0xff, 0xff, 0xf3, 0x0, 0x0, 0x0,
    0x3, 0xff, 0xff, 0xf6, 0x0, 0x4, 0xff, 0xff,
    0xf6, 0x0, 0x0, 0x0, 0x0, 0x5, 0xff, 0xff,
    0xf4, 0x2, 0xef, 0xff, 0xf8, 0x0, 0x0, 0x0,
    0x0, 0x0, 0x8, 0xff, 0xff, 0xf4, 0xdf, 0xff,
    0xfb, 0x0, 0x0, 0x0, 0x0, 0x0, 0x0, 0xa,
    0xff, 0xff, 0xff, 0xff, 0xfd, 0x0, 0x0, 0x0,
    0x0, 0x0, 0x0, 0x0, 0xc, 0xff, 0xff, 0xff,
    0xfe, 0x20, 0x0, 0x0, 0x0, 0x0, 0x0, 0x0,
    0x0, 0x1e, 0xff, 0xff, 0xff, 0x30, 0x0, 0x0,
    0x0, 0x0, 0x0, 0x0, 0x0, 0x0, 0x5f, 0xff,
    0xff, 0x80, 0x0, 0x0, 0x0, 0x0, 0x0, 0x0,
    0x0, 0x0, 0x1e, 0xff, 0xff, 0xff, 0x30, 0x0,
    0x0, 0x0, 0x0, 0x0, 0x0, 0x0, 0xc, 0xff,
    0xff, 0xff, 0xfe, 0x10, 0x0, 0x0, 0x0, 0x0,
    0x0, 0x0, 0xa, 0xff, 0xff, 0xff, 0xff, 0xfc,
    0x0, 0x0, 0x0, 0x0, 0x0, 0x0, 0x7, 0xff,
    0xff, 0xe2, 0xdf, 0xff, 0xfa, 0x0, 0x0, 0x0,
    0x0, 0x0, 0x4, 0xff, 0xff, 0xf3, 0x1, 0xef,
    0xff, 0xf7, 0x0, 0x0, 0x0, 0x0, 0x2, 0xff,
    0xff, 0xf6, 0x0, 0x3, 0xff, 0xff, 0xf5, 0x0,
    0x0, 0x0, 0x1, 0xef, 0xff, 0xf8, 0x0, 0x0,
    0x5, 0xff, 0xff, 0xf3, 0x0, 0x0, 0x0, 0xcf,
    0xff, 0xfb, 0x0, 0x0, 0x0, 0x8, 0xff, 0xff,
    0xe1, 0x0, 0x0, 0xaf, 0xff, 0xfd, 0x0, 0x0,
    0x0, 0x0, 0xa, 0xff, 0xff, 0xc0, 0x0, 0x7f,
    0xff, 0xfe, 0x20, 0x0, 0x0, 0x0, 0x0, 0xc,
    0xff, 0xff, 0xa0, 0x4f, 0xff, 0xff, 0x40, 0x0,
    0x0, 0x0, 0x0, 0x0, 0x1e, 0xff, 0xff, 0x80,

    /* U+0059 "Y" */
    0xbf, 0xff, 0x50, 0x0, 0x0, 0x0, 0x0, 0x0,
    0x0, 0x5f, 0xff, 0xbb, 0xff, 0xf5, 0x0, 0x0,
    0x0, 0x0, 0x0, 0x0, 0x5, 0xff, 0xfb, 0xbf,
    0xff, 0x50, 0x0, 0x0, 0x0, 0x0, 0x0, 0x0,
    0x5f, 0xff, 0xbb, 0xff, 0xf5, 0x0, 0x0, 0x0,
    0x0, 0x0, 0x0, 0x5, 0xff, 0xfb, 0xbf, 0xff,
    0x50, 0x0, 0x0, 0x0, 0x0, 0x0, 0x0, 0x5f,
    0xff, 0xbb, 0xff, 0xf5, 0x0, 0x0, 0x0, 0x0,
    0x0, 0x0, 0x5, 0xff, 0xfb, 0xbf, 0xff, 0x50,
    0x0, 0x0, 0x0, 0x0, 0x0, 0x0, 0x5f, 0xff,
    0xbb, 0xff, 0xf5, 0x0, 0x0, 0x0, 0x0, 0x0,
    0x0, 0x5, 0xff, 0xfb, 0xaf, 0xff, 0x60, 0x0,
    0x0, 0x0, 0x0, 0x0, 0x0, 0x6f, 0xff, 0xa9,
    0xff, 0xf9, 0x0, 0x0, 0x0, 0x0, 0x0, 0x0,
    0x8, 0xff, 0xf9, 0x5f, 0xff, 0xf2, 0x0, 0x0,
    0x0, 0x0, 0x0, 0x1, 0xef, 0xff, 0x50, 0xff,
    0xff, 0xe6, 0x22, 0x22, 0x22, 0x22, 0x37, 0xef,
    0xff, 0xe0, 0x8, 0xff, 0xff, 0xff, 0xff, 0xff,
    0xff, 0xff, 0xff, 0xff, 0xf7, 0x0, 0xb, 0xff,
    0xff, 0xff, 0xff, 0xff, 0xff, 0xff, 0xff, 0xfb,
    0x0, 0x0, 0x8, 0xff, 0xff, 0xff, 0xff, 0xff,
    0xff, 0xff, 0xf8, 0x0, 0x0, 0x0, 0x3, 0x9d,
    0xff, 0xff, 0xff, 0xff, 0xfd, 0x93, 0x0, 0x0,
    0x0, 0x0, 0x0, 0x0, 0x8, 0xff, 0xf8, 0x0,
    0x0, 0x0, 0x0, 0x0, 0x0, 0x0, 0x0, 0x0,
    0x8f, 0xff, 0x80, 0x0, 0x0, 0x0, 0x0, 0x0,
    0x0, 0x0, 0x0, 0x8, 0xff, 0xf8, 0x0, 0x0,
    0x0, 0x0, 0x0, 0x0, 0x0, 0x0, 0x0, 0x8f,
    0xff, 0x80, 0x0, 0x0, 0x0, 0x0, 0x0, 0x0,
    0x0, 0x0, 0x8, 0xff, 0xf8, 0x0, 0x0, 0x0,
    0x0, 0x0, 0x0, 0x0, 0x0, 0x0, 0x8f, 0xff,
    0x80, 0x0, 0x0, 0x0, 0x0, 0x0, 0x0, 0x0,
    0x0, 0x8, 0xff, 0xf8, 0x0, 0x0, 0x0, 0x0,
    0x0,

    /* U+005A "Z" */
    0xaf, 0xff, 0xff, 0xff, 0xff, 0xff, 0xff, 0xff,
    0xff, 0xfc, 0x1a, 0xff, 0xff, 0xff, 0xff, 0xff,
    0xff, 0xff, 0xff, 0xff, 0xf9, 0xaf, 0xff, 0xff,
    0xff, 0xff, 0xff, 0xff, 0xff, 0xff, 0xff, 0xaa,
    0xff, 0xff, 0xff, 0xff, 0xff, 0xff, 0xff, 0xff,
    0xff, 0xf2, 0x1, 0x11, 0x11, 0x11, 0x11, 0x11,
    0x15, 0xff, 0xff, 0xf4, 0x0, 0x0, 0x0, 0x0,
    0x0, 0x0, 0x3, 0xff, 0xff, 0xf6, 0x0, 0x0,
    0x0, 0x0, 0x0, 0x0, 0x1, 0xef, 0xff, 0xf8,
    0x0, 0x0, 0x0, 0x0, 0x0, 0x0, 0x0, 0xdf,
    0xff, 0xfa, 0x0, 0x0, 0x0, 0x0, 0x0, 0x0,
    0x0, 0xbf, 0xff, 0xfc, 0x0, 0x0, 0x0, 0x0,
    0x0, 0x0, 0x0, 0x9f, 0xff, 0xfd, 0x10, 0x0,
    0x0, 0x0, 0x0, 0x0, 0x0, 0x7f, 0xff, 0xfe,
    0x20, 0x0, 0x0, 0x0, 0x0, 0x0, 0x0, 0x5f,
    0xff, 0xff, 0x30, 0x0, 0x0, 0x0, 0x0, 0x0,
    0x0, 0x4f, 0xff, 0xff, 0x50, 0x0, 0x0, 0x0,
    0x0, 0x0, 0x0, 0x2f, 0xff, 0xff, 0x70, 0x0,
    0x0, 0x0, 0x0, 0x0, 0x0, 0x1e, 0xff, 0xff,
    0x90, 0x0, 0x0, 0x0, 0x0, 0x0, 0x0, 0xc,
    0xff, 0xff, 0xb0, 0x0, 0x0, 0x0, 0x0, 0x0,
    0x0, 0xb, 0xff, 0xff, 0xc0, 0x0, 0x0, 0x0,
    0x0, 0x0, 0x0, 0x9, 0xff, 0xff, 0xe1, 0x0,
    0x0, 0x0, 0x0, 0x0, 0x0, 0x7, 0xff, 0xff,
    0xf4, 0x11, 0x11, 0x11, 0x11, 0x11, 0x11, 0x5,
    0xff, 0xff, 0xff, 0xff, 0xff, 0xff, 0xff, 0xff,
    0xff, 0xf8, 0xcf, 0xff, 0xff, 0xff, 0xff, 0xff,
    0xff, 0xff, 0xff, 0xff, 0x8b, 0xff, 0xff, 0xff,
    0xff, 0xff, 0xff, 0xff, 0xff, 0xff, 0xf8, 0x2d,
    0xff, 0xff, 0xff, 0xff, 0xff, 0xff, 0xff, 0xff,
    0xff, 0x80,

    /* U+005B "[" */
    0x3d, 0xff, 0xff, 0xff, 0x9c, 0xff, 0xff, 0xff,
    0xf9, 0xef, 0xff, 0xff, 0xff, 0x9e, 0xff, 0xff,
    0xff, 0xf9, 0xef, 0xff, 0x41, 0x11, 0xe, 0xff,
    0xf3, 0x0, 0x0, 0xef, 0xff, 0x30, 0x0, 0xe,
    0xff, 0xf3, 0x0, 0x0, 0xef, 0xff, 0x30, 0x0,
    0xe, 0xff, 0xf3, 0x0, 0x0, 0xef, 0xff, 0x30,
    0x0, 0xe, 0xff, 0xf3, 0x0, 0x0, 0xef, 0xff,
    0x30, 0x0, 0xe, 0xff, 0xf3, 0x0, 0x0, 0xef,
    0xff, 0x30, 0x0, 0xe, 0xff, 0xf3, 0x0, 0x0,
    0xef, 0xff, 0x30, 0x0, 0xe, 0xff, 0xf3, 0x0,
    0x0, 0xef, 0xff, 0x30, 0x0, 0xe, 0xff, 0xf3,
    0x0, 0x0, 0xef, 0xff, 0x20, 0x0, 0xe, 0xff,
    0xf2, 0x0, 0x0, 0xef, 0xff, 0x20, 0x0, 0xe,
    0xff, 0xf2, 0x0, 0x0, 0xef, 0xff, 0x20, 0x0,
    0xe, 0xff, 0xf4, 0x22, 0x21, 0xef, 0xff, 0xff,
    0xff, 0x8e, 0xff, 0xff, 0xff, 0xf8, 0xcf, 0xff,
    0xff, 0xff, 0x83, 0xdf, 0xff, 0xff, 0xf8,

    /* U+005C "\\" */
    0x6f, 0xff, 0xe0, 0x0, 0x0, 0x0, 0x0, 0x0,
    0x0, 0x0, 0xcf, 0xff, 0x80, 0x0, 0x0, 0x0,
    0x0, 0x0, 0x0, 0x3, 0xff, 0xff, 0x20, 0x0,
    0x0, 0x0, 0x0, 0x0, 0x0, 0x9, 0xff, 0xfc,
    0x0, 0x0, 0x0, 0x0, 0x0, 0x0, 0x0, 0xe,
    0xff, 0xf6, 0x0, 0x0, 0x0, 0x0, 0x0, 0x0,
    0x0, 0x5f, 0xff, 0xe1, 0x0, 0x0, 0x0, 0x0,
    0x0, 0x0, 0x0, 0xbf, 0xff, 0x90, 0x0, 0x0,
    0x0, 0x0, 0x0, 0x0, 0x2, 0xff, 0xff, 0x30,
    0x0, 0x0, 0x0, 0x0, 0x0, 0x0, 0x8, 0xff,
    0xfd, 0x0, 0x0, 0x0, 0x0, 0x0, 0x0, 0x0,
    0xd, 0xff, 0xf7, 0x0, 0x0, 0x0, 0x0, 0x0,
    0x0, 0x0, 0x4f, 0xff, 0xf1, 0x0, 0x0, 0x0,
    0x0, 0x0, 0x0, 0x0, 0xaf, 0xff, 0xb0, 0x0,
    0x0, 0x0, 0x0, 0x0, 0x0, 0x1, 0xff, 0xff,
    0x40, 0x0, 0x0, 0x0, 0x0, 0x0, 0x0, 0x6,
    0xff, 0xfe, 0x0, 0x0, 0x0, 0x0, 0x0, 0x0,
    0x0, 0xc, 0xff, 0xf8, 0x0, 0x0, 0x0, 0x0,
    0x0, 0x0, 0x0, 0x3f, 0xff, 0xf2, 0x0, 0x0,
    0x0, 0x0, 0x0, 0x0, 0x0, 0x9f, 0xff, 0xc0,
    0x0, 0x0, 0x0, 0x0, 0x0, 0x0, 0x1, 0xef,
    0xff, 0x60, 0x0, 0x0, 0x0, 0x0, 0x0, 0x0,
    0x5, 0xff, 0xfe, 0x10, 0x0, 0x0, 0x0, 0x0,
    0x0, 0x0, 0xb, 0xff, 0xf9, 0x0, 0x0, 0x0,
    0x0, 0x0, 0x0, 0x0, 0x2f, 0xff, 0xf3, 0x0,
    0x0, 0x0, 0x0, 0x0, 0x0, 0x0, 0x8f, 0xff,
    0xd0, 0x0, 0x0, 0x0, 0x0, 0x0, 0x0, 0x0,
    0xdf, 0xff, 0x70,

    /* U+005D "]" */
    0xef, 0xff, 0xff, 0xfa, 0xe, 0xff, 0xff, 0xff,
    0xf7, 0xef, 0xff, 0xff, 0xff, 0x9e, 0xff, 0xff,
    0xff, 0xf9, 0x11, 0x11, 0x9f, 0xff, 0x90, 0x0,
    0x8, 0xff, 0xf9, 0x0, 0x0, 0x8f, 0xff, 0x90,
    0x0, 0x8, 0xff, 0xf9, 0x0, 0x0, 0x8f, 0xff,
    0x90, 0x0, 0x8, 0xff, 0xf9, 0x0, 0x0, 0x8f,
    0xff, 0x90, 0x0, 0x8, 0xff, 0xf9, 0x0, 0x0,
    0x8f, 0xff, 0x90, 0x0, 0x8, 0xff, 0xf9, 0x0,
    0x0, 0x8f, 0xff, 0x90, 0x0, 0x8, 0xff, 0xf9,
    0x0, 0x0, 0x8f, 0xff, 0x90, 0x0, 0x8, 0xff,
    0xf9, 0x0, 0x0, 0x8f, 0xff, 0x90, 0x0, 0x8,
    0xff, 0xf9, 0x0, 0x0, 0x8f, 0xff, 0x90, 0x0,
    0x8, 0xff, 0xf9, 0x0, 0x0, 0x8f, 0xff, 0x90,
    0x0, 0x8, 0xff, 0xf9, 0x0, 0x0, 0x8f, 0xff,
    0x91, 0x22, 0x29, 0xff, 0xf9, 0xdf, 0xff, 0xff,
    0xff, 0x9d, 0xff, 0xff, 0xff, 0xf9, 0xdf, 0xff,
    0xff, 0xff, 0x7d, 0xff, 0xff, 0xff, 0xa0,

    /* U+005E "^" */
    0x0, 0x0, 0x6, 0xec, 0x20, 0x0, 0x0, 0x0,
    0x0, 0x5f, 0xff, 0xd1, 0x0, 0x0, 0x0, 0x3,
    0xff, 0xff, 0xfc, 0x0, 0x0, 0x0, 0x2e, 0xff,
    0xff, 0xff, 0xb0, 0x0, 0x1, 0xdf, 0xff, 0xae,
    0xff, 0xf9, 0x0, 0xc, 0xff, 0xfb, 0x3, 0xff,
    0xff, 0x70, 0x7f, 0xff, 0xd0, 0x0, 0x4f, 0xff,
    0xf3, 0x8f, 0xfe, 0x10, 0x0, 0x6, 0xff, 0xf4,
    0x8f, 0xf3, 0x0, 0x0, 0x0, 0x7f, 0xf4, 0x8f,
    0x40, 0x0, 0x0, 0x0, 0x9, 0xf4, 0x86, 0x0,
    0x0, 0x0, 0x0, 0x0, 0xb4, 0x20, 0x0, 0x0,
    0x0, 0x0, 0x0, 0x2,

    /* U+005F "_" */
    0xa, 0xaa, 0xaa, 0xaa, 0xaa, 0xaa, 0xaa, 0xaa,
    0xaa, 0x80, 0xff, 0xff, 0xff, 0xff, 0xff, 0xff,
    0xff, 0xff, 0xfd, 0xf, 0xff, 0xff, 0xff, 0xff,
    0xff, 0xff, 0xff, 0xff, 0xd0, 0xff, 0xff, 0xff,
    0xff, 0xff, 0xff, 0xff, 0xff, 0xfd,

    /* U+0060 "`" */
    0x6, 0x90, 0x0, 0x0, 0x0, 0xd, 0xfe, 0x60,
    0x0, 0x0, 0x5f, 0xff, 0xfc, 0x30, 0x0, 0xbf,
    0xff, 0xff, 0xfa, 0x10, 0x5, 0xbf, 0xff, 0xff,
    0xf2, 0x0, 0x1, 0x6c, 0xff, 0xc0, 0x0, 0x0,
    0x0, 0x28, 0x40,

    /* U+0061 "a" */
    0x0, 0x0, 0x2f, 0xff, 0xff, 0xff, 0xff, 0xeb,
    0x40, 0x0, 0x0, 0x0, 0x2f, 0xff, 0xff, 0xff,
    0xff, 0xff, 0xf9, 0x0, 0x0, 0x0, 0x2f, 0xff,
    0xff, 0xff, 0xff, 0xff, 0xff, 0x70, 0x0, 0x0,
    0x2e, 0xee, 0xee, 0xee, 0xee, 0xff, 0xff, 0xe0,
    0x0, 0x0, 0x0, 0x0, 0x0, 0x0, 0x0, 0x1d,
    0xff, 0xf3, 0x0, 0x0, 0x0, 0x0, 0x0, 0x0,
    0x0, 0x8, 0xff, 0xf5, 0x0, 0x3, 0xae, 0xff,
    0xff, 0xff, 0xfc, 0x8, 0xff, 0xf5, 0x0, 0x7f,
    0xff, 0xff, 0xff, 0xff, 0xfc, 0x8, 0xff, 0xf5,
    0x4, 0xff, 0xff, 0xff, 0xff, 0xff, 0xfc, 0x8,
    0xff, 0xf5, 0xc, 0xff, 0xff, 0xee, 0xee, 0xee,
    0xea, 0x8, 0xff, 0xf5, 0xf, 0xff, 0xf2, 0x0,
    0x0, 0x0, 0x0, 0x8, 0xff, 0xf5, 0x2f, 0xff,
    0xb0, 0x0, 0x0, 0x0, 0x0, 0x8, 0xff, 0xf5,
    0x1f, 0xff, 0xf2, 0x0, 0x0, 0x0, 0x0, 0x1d,
    0xff, 0xf3, 0xd, 0xff, 0xff, 0xee, 0xee, 0xee,
    0xee, 0xff, 0xff, 0xe0, 0x5, 0xff, 0xff, 0xff,
    0xff, 0xff, 0xff, 0xff, 0xff, 0x60, 0x0, 0x7f,
    0xff, 0xff, 0xff, 0xff, 0xff, 0xff, 0xf9, 0x0,
    0x0, 0x3, 0xae, 0xff, 0xff, 0xff, 0xff, 0xeb,
    0x50, 0x0,

    /* U+0062 "b" */
    0x3f, 0xff, 0xe0, 0x0, 0x0, 0x0, 0x0, 0x0,
    0x0, 0x0, 0x3f, 0xff, 0xe0, 0x0, 0x0, 0x0,
    0x0, 0x0, 0x0, 0x0, 0x3f, 0xff, 0xe0, 0x0,
    0x0, 0x0, 0x0, 0x0, 0x0, 0x0, 0x3f, 0xff,
    0xe0, 0x0, 0x0, 0x0, 0x0, 0x0, 0x0, 0x0,
    0x3f, 0xff, 0xe0, 0x0, 0x0, 0x0, 0x0, 0x0,
    0x0, 0x0, 0x3f, 0xff, 0xe0, 0x0, 0x0, 0x0,
    0x0, 0x0, 0x0, 0x0, 0x3f, 0xff, 0xe0, 0x0,
    0x0, 0x0, 0x0, 0x0, 0x0, 0x0, 0x3f, 0xff,
    0xe0, 0x7f, 0xff, 0xff, 0xff, 0xeb, 0x50, 0x0,
    0x3f, 0xff, 0xe0, 0x7f, 0xff, 0xff, 0xff, 0xff,
    0xfb, 0x0, 0x3f, 0xff, 0xe0, 0x7f, 0xff, 0xff,
    0xff, 0xff, 0xff, 0x90, 0x3f, 0xff, 0xe0, 0x7f,
    0xff, 0xff, 0xff, 0xff, 0xff, 0xf1, 0x3f, 0xff,
    0xe0, 0x1, 0x11, 0x11, 0x11, 0x4e, 0xff, 0xf6,
    0x3f, 0xff, 0xe0, 0x0, 0x0, 0x0, 0x0, 0x9,
    0xff, 0xf8, 0x3f, 0xff, 0xe0, 0x0, 0x0, 0x0,
    0x0, 0x8, 0xff, 0xf8, 0x3f, 0xff, 0xe0, 0x0,
    0x0, 0x0, 0x0, 0x8, 0xff, 0xf8, 0x3f, 0xff,
    0xe0, 0x0, 0x0, 0x0, 0x0, 0x8, 0xff, 0xf8,
    0x3f, 0xff, 0xe0, 0x0, 0x0, 0x0, 0x0, 0x8,
    0xff, 0xf8, 0x3f, 0xff, 0xe0, 0x0, 0x0, 0x0,
    0x0, 0x8, 0xff, 0xf8, 0x2f, 0xff, 0xe0, 0x0,
    0x0, 0x0, 0x0, 0x9, 0xff, 0xf7, 0x1f, 0xff,
    0xf7, 0x11, 0x11, 0x11, 0x11, 0x4e, 0xff, 0xf5,
    0xc, 0xff, 0xff, 0xff, 0xff, 0xff, 0xff, 0xff,
    0xff, 0xf1, 0x4, 0xff, 0xff, 0xff, 0xff, 0xff,
    0xff, 0xff, 0xff, 0x80, 0x0, 0x6f, 0xff, 0xff,
    0xff, 0xff, 0xff, 0xff, 0xfa, 0x0, 0x0, 0x2,
    0x9e, 0xff, 0xff, 0xff, 0xff, 0xfc, 0x50, 0x0,

    /* U+0063 "c" */
    0x0, 0x4, 0xbf, 0xff, 0xff, 0xff, 0xff, 0xff,
    0xf4, 0x0, 0xaf, 0xff, 0xff, 0xff, 0xff, 0xff,
    0xff, 0xf4, 0x7, 0xff, 0xff, 0xff, 0xff, 0xff,
    0xff, 0xff, 0xf4, 0xf, 0xff, 0xff, 0xff, 0xff,
    0xff, 0xff, 0xff, 0xf4, 0x4f, 0xff, 0xf4, 0x11,
    0x11, 0x11, 0x11, 0x11, 0x10, 0x6f, 0xff, 0xa0,
    0x0, 0x0, 0x0, 0x0, 0x0, 0x0, 0x7f, 0xff,
    0xa0, 0x0, 0x0, 0x0, 0x0, 0x0, 0x0, 0x7f,
    0xff, 0xa0, 0x0, 0x0, 0x0, 0x0, 0x0, 0x0,
    0x7f, 0xff, 0xa0, 0x0, 0x0, 0x0, 0x0, 0x0,
    0x0, 0x7f, 0xff, 0xa0, 0x0, 0x0, 0x0, 0x0,
    0x0, 0x0, 0x7f, 0xff, 0xa0, 0x0, 0x0, 0x0,
    0x0, 0x0, 0x0, 0x6f, 0xff, 0xa0, 0x0, 0x0,
    0x0, 0x0, 0x0, 0x0, 0x4f, 0xff, 0xf4, 0x11,
    0x11, 0x11, 0x11, 0x11, 0x10, 0xf, 0xff, 0xff,
    0xff, 0xff, 0xff, 0xff, 0xff, 0xf4, 0x8, 0xff,
    0xff, 0xff, 0xff, 0xff, 0xff, 0xff, 0xf4, 0x0,
    0xaf, 0xff, 0xff, 0xff, 0xff, 0xff, 0xff, 0xf4,
    0x0, 0x4, 0xbe, 0xff, 0xff, 0xff, 0xff, 0xff,
    0xf4,

    /* U+0064 "d" */
    0x0, 0x0, 0x0, 0x0, 0x0, 0x0, 0x0, 0xa,
    0xff, 0xf7, 0x0, 0x0, 0x0, 0x0, 0x0, 0x0,
    0x0, 0xa, 0xff, 0xf7, 0x0, 0x0, 0x0, 0x0,
    0x0, 0x0, 0x0, 0xa, 0xff, 0xf7, 0x0, 0x0,
    0x0, 0x0, 0x0, 0x0, 0x0, 0xa, 0xff, 0xf7,
    0x0, 0x0, 0x0, 0x0, 0x0, 0x0, 0x0, 0xa,
    0xff, 0xf7, 0x0, 0x0, 0x0, 0x0, 0x0, 0x0,
    0x0, 0xa, 0xff, 0xf7, 0x0, 0x0, 0x0, 0x0,
    0x0, 0x0, 0x0, 0xa, 0xff, 0xf7, 0x0, 0x3,
    0xae, 0xff, 0xff, 0xff, 0xfb, 0xa, 0xff, 0xf7,
    0x0, 0x7f, 0xff, 0xff, 0xff, 0xff, 0xfb, 0xa,
    0xff, 0xf7, 0x5, 0xff, 0xff, 0xff, 0xff, 0xff,
    0xfb, 0xa, 0xff, 0xf7, 0xd, 0xff, 0xff, 0xff,
    0xff, 0xff, 0xfb, 0xa, 0xff, 0xf7, 0x2f, 0xff,
    0xf5, 0x11, 0x11, 0x11, 0x11, 0xa, 0xff, 0xf7,
    0x4f, 0xff, 0xd0, 0x0, 0x0, 0x0, 0x0, 0xa,
    0xff, 0xf7, 0x4f, 0xff, 0xc0, 0x0, 0x0, 0x0,
    0x0, 0xa, 0xff, 0xf7, 0x4f, 0xff, 0xc0, 0x0,
    0x0, 0x0, 0x0, 0xa, 0xff, 0xf7, 0x4f, 0xff,
    0xc0, 0x0, 0x0, 0x0, 0x0, 0xa, 0xff, 0xf7,
    0x4f, 0xff, 0xc0, 0x0, 0x0, 0x0, 0x0, 0xa,
    0xff, 0xf7, 0x4f, 0xff, 0xc0, 0x0, 0x0, 0x0,
    0x0, 0xa, 0xff, 0xf7, 0x4f, 0xff, 0xd0, 0x0,
    0x0, 0x0, 0x0, 0xa, 0xff, 0xf6, 0x2f, 0xff,
    0xf5, 0x11, 0x11, 0x11, 0x11, 0x4f, 0xff, 0xf5,
    0xd, 0xff, 0xff, 0xff, 0xff, 0xff, 0xff, 0xff,
    0xff, 0xf1, 0x4, 0xff, 0xff, 0xff, 0xff, 0xff,
    0xff, 0xff, 0xff, 0x80, 0x0, 0x7f, 0xff, 0xff,
    0xff, 0xff, 0xff, 0xff, 0xfa, 0x0, 0x0, 0x3,
    0xbe, 0xff, 0xff, 0xff, 0xff, 0xeb, 0x40, 0x0,

    /* U+0065 "e" */
    0x0, 0x6, 0xce, 0xff, 0xff, 0xff, 0xff, 0xe9,
    0x20, 0x0, 0x0, 0xaf, 0xff, 0xff, 0xff, 0xff,
    0xff, 0xff, 0xf6, 0x0, 0x8, 0xff, 0xff, 0xff,
    0xff, 0xff, 0xff, 0xff, 0xff, 0x30, 0xf, 0xff,
    0xff, 0xee, 0xee, 0xee, 0xee, 0xff, 0xff, 0xb0,
    0x4f, 0xff, 0xd1, 0x0, 0x0, 0x0, 0x0, 0x3f,
    0xff, 0xf0, 0x6f, 0xff, 0x70, 0x0, 0x0, 0x0,
    0x0, 0xd, 0xff, 0xf0, 0x7f, 0xff, 0x60, 0x0,
    0x0, 0x0, 0x0, 0x3f, 0xff, 0xf0, 0x7f, 0xff,
    0x60, 0xce, 0xee, 0xee, 0xee, 0xff, 0xff, 0xa0,
    0x7f, 0xff, 0x60, 0xdf, 0xff, 0xff, 0xff, 0xff,
    0xff, 0x30, 0x7f, 0xff, 0x60, 0xdf, 0xff, 0xff,
    0xff, 0xff, 0xf6, 0x0, 0x7f, 0xff, 0x60, 0xdf,
    0xff, 0xff, 0xff, 0xea, 0x30, 0x0, 0x6f, 0xff,
    0x70, 0x0, 0x0, 0x0, 0x0, 0x0, 0x0, 0x0,
    0x5f, 0xff, 0xc1, 0x0, 0x0, 0x0, 0x0, 0x0,
    0x0, 0x0, 0x1f, 0xff, 0xff, 0xee, 0xee, 0xee,
    0xe7, 0x0, 0x0, 0x0, 0x8, 0xff, 0xff, 0xff,
    0xff, 0xff, 0xf7, 0x0, 0x0, 0x0, 0x0, 0xaf,
    0xff, 0xff, 0xff, 0xff, 0xf7, 0x0, 0x0, 0x0,
    0x0, 0x5, 0xbf, 0xff, 0xff, 0xff, 0xf7, 0x0,
    0x0, 0x0,

    /* U+0066 "f" */
    0x0, 0x1, 0x8d, 0xff, 0xff, 0xff, 0xff, 0xfd,
    0x0, 0x4f, 0xff, 0xff, 0xff, 0xff, 0xff, 0xfd,
    0x2, 0xff, 0xff, 0xff, 0xff, 0xff, 0xff, 0xfd,
    0x9, 0xff, 0xff, 0xff, 0xff, 0xff, 0xff, 0xfd,
    0xe, 0xff, 0xf8, 0x21, 0x11, 0x11, 0x11, 0x11,
    0xf, 0xff, 0xf1, 0x0, 0x0, 0x0, 0x0, 0x0,
    0xf, 0xff, 0xf0, 0x0, 0x0, 0x0, 0x0, 0x0,
    0xf, 0xff, 0xf0, 0x5f, 0xff, 0xff, 0xff, 0xfd,
    0xf, 0xff, 0xf0, 0x5f, 0xff, 0xff, 0xff, 0xfd,
    0xf, 0xff, 0xf0, 0x5f, 0xff, 0xff, 0xff, 0xfd,
    0xf, 0xff, 0xf0, 0x5f, 0xff, 0xff, 0xff, 0xfd,
    0xf, 0xff, 0xf0, 0x1, 0x11, 0x11, 0x11, 0x11,
    0xf, 0xff, 0xf0, 0x0, 0x0, 0x0, 0x0, 0x0,
    0xf, 0xff, 0xf0, 0x0, 0x0, 0x0, 0x0, 0x0,
    0xf, 0xff, 0xf0, 0x0, 0x0, 0x0, 0x0, 0x0,
    0xf, 0xff, 0xf0, 0x0, 0x0, 0x0, 0x0, 0x0,
    0xf, 0xff, 0xf0, 0x0, 0x0, 0x0, 0x0, 0x0,
    0xf, 0xff, 0xf0, 0x0, 0x0, 0x0, 0x0, 0x0,
    0xf, 0xff, 0xf0, 0x0, 0x0, 0x0, 0x0, 0x0,
    0xf, 0xff, 0xf0, 0x0, 0x0, 0x0, 0x0, 0x0,
    0xf, 0xff, 0xf0, 0x0, 0x0, 0x0, 0x0, 0x0,
    0xf, 0xff, 0xf0, 0x0, 0x0, 0x0, 0x0, 0x0,
    0xf, 0xff, 0xf0, 0x0, 0x0, 0x0, 0x0, 0x0,
    0xf, 0xff, 0xf0, 0x0, 0x0, 0x0, 0x0, 0x0,

    /* U+0067 "g" */
    0x0, 0x4, 0xbf, 0xff, 0xff, 0xff, 0xff, 0xea,
    0x30, 0x0, 0x0, 0xaf, 0xff, 0xff, 0xff, 0xff,
    0xff, 0xff, 0xf8, 0x0, 0x7, 0xff, 0xff, 0xff,
    0xff, 0xff, 0xff, 0xff, 0xff, 0x50, 0xf, 0xff,
    0xff, 0xff, 0xff, 0xff, 0xff, 0xff, 0xff, 0xd0,
    0x4f, 0xff, 0xf4, 0x11, 0x11, 0x11, 0x11, 0x5f,
    0xff, 0xf2, 0x6f, 0xff, 0xa0, 0x0, 0x0, 0x0,
    0x0, 0xd, 0xff, 0xf4, 0x7f, 0xff, 0xa0, 0x0,
    0x0, 0x0, 0x0, 0xc, 0xff, 0xf4, 0x7f, 0xff,
    0xa0, 0x0, 0x0, 0x0, 0x0, 0xc, 0xff, 0xf4,
    0x7f, 0xff, 0xa0, 0x0, 0x0, 0x0, 0x0, 0xc,
    0xff, 0xf4, 0x7f, 0xff, 0xa0, 0x0, 0x0, 0x0,
    0x0, 0xc, 0xff, 0xf4, 0x7f, 0xff, 0xa0, 0x0,
    0x0, 0x0, 0x0, 0xc, 0xff, 0xf4, 0x6f, 0xff,
    0xa0, 0x0, 0x0, 0x0, 0x0, 0xc, 0xff, 0xf4,
    0x5f, 0xff, 0xf4, 0x11, 0x11, 0x11, 0x10, 0xc,
    0xff, 0xf4, 0xf, 0xff, 0xff, 0xff, 0xff, 0xff,
    0xf9, 0xc, 0xff, 0xf4, 0x8, 0xff, 0xff, 0xff,
    0xff, 0xff, 0xf9, 0xc, 0xff, 0xf4, 0x0, 0x9f,
    0xff, 0xff, 0xff, 0xff, 0xf9, 0xc, 0xff, 0xf4,
    0x0, 0x4, 0xbe, 0xff, 0xff, 0xff, 0xf9, 0xc,
    0xff, 0xf4, 0x0, 0x0, 0x0, 0x0, 0x0, 0x0,
    0x0, 0xc, 0xff, 0xf4, 0x0, 0x0, 0x0, 0x0,
    0x0, 0x0, 0x0, 0xd, 0xff, 0xf4, 0x0, 0x0,
    0x0, 0x11, 0x11, 0x11, 0x11, 0x5f, 0xff, 0xf2,
    0x0, 0x0, 0x0, 0xcf, 0xff, 0xff, 0xff, 0xff,
    0xff, 0xd0, 0x0, 0x0, 0x0, 0xcf, 0xff, 0xff,
    0xff, 0xff, 0xff, 0x50, 0x0, 0x0, 0x0, 0xcf,
    0xff, 0xff, 0xff, 0xff, 0xf8, 0x0, 0x0, 0x0,
    0x0, 0xcf, 0xff, 0xff, 0xff, 0xea, 0x30, 0x0,

    /* U+0068 "h" */
    0xf, 0xff, 0xf0, 0x0, 0x0, 0x0, 0x0, 0x0,
    0x0, 0x0, 0xf, 0xff, 0xf0, 0x0, 0x0, 0x0,
    0x0, 0x0, 0x0, 0x0, 0xf, 0xff, 0xf0, 0x0,
    0x0, 0x0, 0x0, 0x0, 0x0, 0x0, 0xf, 0xff,
    0xf0, 0x0, 0x0, 0x0, 0x0, 0x0, 0x0, 0x0,
    0xf, 0xff, 0xf0, 0x0, 0x0, 0x0, 0x0, 0x0,
    0x0, 0x0, 0xf, 0xff, 0xf0, 0x0, 0x0, 0x0,
    0x0, 0x0, 0x0, 0x0, 0xf, 0xff, 0xf0, 0x0,
    0x0, 0x0, 0x0, 0x0, 0x0, 0x0, 0xf, 0xff,
    0xf0, 0x5f, 0xff, 0xff, 0xff, 0xfc, 0x60, 0x0,
    0xf, 0xff, 0xf0, 0x5f, 0xff, 0xff, 0xff, 0xff,
    0xfc, 0x10, 0xf, 0xff, 0xf0, 0x5f, 0xff, 0xff,
    0xff, 0xff, 0xff, 0xb0, 0xf, 0xff, 0xf0, 0x5f,
    0xff, 0xff, 0xff, 0xff, 0xff, 0xf4, 0xf, 0xff,
    0xf0, 0x1, 0x11, 0x11, 0x11, 0x3c, 0xff, 0xf9,
    0xf, 0xff, 0xf0, 0x0, 0x0, 0x0, 0x0, 0x6,
    0xff, 0xfa, 0xf, 0xff, 0xf0, 0x0, 0x0, 0x0,
    0x0, 0x6, 0xff, 0xfb, 0xf, 0xff, 0xf0, 0x0,
    0x0, 0x0, 0x0, 0x6, 0xff, 0xfb, 0xf, 0xff,
    0xf0, 0x0, 0x0, 0x0, 0x0, 0x6, 0xff, 0xfb,
    0xf, 0xff, 0xf0, 0x0, 0x0, 0x0, 0x0, 0x6,
    0xff, 0xfb, 0xf, 0xff, 0xf0, 0x0, 0x0, 0x0,
    0x0, 0x6, 0xff, 0xfb, 0xf, 0xff, 0xf0, 0x0,
    0x0, 0x0, 0x0, 0x6, 0xff, 0xfb, 0xf, 0xff,
    0xf0, 0x0, 0x0, 0x0, 0x0, 0x6, 0xff, 0xfb,
    0xf, 0xff, 0xf0, 0x0, 0x0, 0x0, 0x0, 0x6,
    0xff, 0xfb, 0xf, 0xff, 0xf0, 0x0, 0x0, 0x0,
    0x0, 0x6, 0xff, 0xfb, 0xf, 0xff, 0xf0, 0x0,
    0x0, 0x0, 0x0, 0x6, 0xff, 0xfb, 0xf, 0xff,
    0xf0, 0x0, 0x0, 0x0, 0x0, 0x6, 0xff, 0xfb,

    /* U+0069 "i" */
    0xf, 0xff, 0xf0, 0xf, 0xff, 0xf0, 0xf, 0xff,
    0xf0, 0xb, 0xbb, 0xb0, 0x0, 0x0, 0x0, 0x0,
    0x0, 0x0, 0x0, 0x0, 0x0, 0xf, 0xff, 0xf0,
    0xf, 0xff, 0xf0, 0xf, 0xff, 0xf0, 0xf, 0xff,
    0xf0, 0xf, 0xff, 0xf0, 0xf, 0xff, 0xf0, 0xf,
    0xff, 0xf0, 0xf, 0xff, 0xf0, 0xf, 0xff, 0xf0,
    0xf, 0xff, 0xf0, 0xf, 0xff, 0xf0, 0xf, 0xff,
    0xf0, 0xf, 0xff, 0xf0, 0xf, 0xff, 0xf0, 0xf,
    0xff, 0xf0, 0xf, 0xff, 0xf0, 0xf, 0xff, 0xf0,

    /* U+006A "j" */
    0x0, 0x0, 0x0, 0x0, 0xf, 0xff, 0xf0, 0x0,
    0x0, 0x0, 0x0, 0xf, 0xff, 0xf0, 0x0, 0x0,
    0x0, 0x0, 0xf, 0xff, 0xf0, 0x0, 0x0, 0x0,
    0x0, 0xb, 0xbb, 0xb0, 0x0, 0x0, 0x0, 0x0,
    0x0, 0x0, 0x0, 0x0, 0x0, 0x0, 0x0, 0x0,
    0x0, 0x0, 0x0, 0x0, 0x0, 0x0, 0x0, 0x0,
    0x0, 0x0, 0x0, 0x0, 0x0, 0xf, 0xff, 0xf0,
    0x0, 0x0, 0x0, 0x0, 0xf, 0xff, 0xf0, 0x0,
    0x0, 0x0, 0x0, 0xf, 0xff, 0xf0, 0x0, 0x0,
    0x0, 0x0, 0xf, 0xff, 0xf0, 0x0, 0x0, 0x0,
    0x0, 0xf, 0xff, 0xf0, 0x0, 0x0, 0x0, 0x0,
    0xf, 0xff, 0xf0, 0x0, 0x0, 0x0, 0x0, 0xf,
    0xff, 0xf0, 0x0, 0x0, 0x0, 0x0, 0xf, 0xff,
    0xf0, 0x0, 0x0, 0x0, 0x0, 0xf, 0xff, 0xf0,
    0x0, 0x0, 0x0, 0x0, 0xf, 0xff, 0xf0, 0x0,
    0x0, 0x0, 0x0, 0xf, 0xff, 0xf0, 0x0, 0x0,
    0x0, 0x0, 0xf, 0xff, 0xf0, 0x0, 0x0, 0x0,
    0x0, 0xf, 0xff, 0xf0, 0x0, 0x0, 0x0, 0x0,
    0xf, 0xff, 0xf0, 0x0, 0x0, 0x0, 0x0, 0xf,
    0xff, 0xf0, 0x0, 0x0, 0x0, 0x0, 0xf, 0xff,
    0xf0, 0x0, 0x0, 0x0, 0x0, 0xf, 0xff, 0xf0,
    0x0, 0x0, 0x0, 0x0, 0xf, 0xff, 0xf0, 0x0,
    0x0, 0x0, 0x0, 0x1f, 0xff, 0xf0, 0x11, 0x11,
    0x11, 0x11, 0x8f, 0xff, 0xe0, 0xff, 0xff, 0xff,
    0xff, 0xff, 0xff, 0x90, 0xff, 0xff, 0xff, 0xff,
    0xff, 0xff, 0x20, 0xff, 0xff, 0xff, 0xff, 0xff,
    0xf4, 0x0, 0xff, 0xff, 0xff, 0xff, 0xd9, 0x10,
    0x0,

    /* U+006B "k" */
    0xf, 0xff, 0xf0, 0x0, 0x0, 0x0, 0x0, 0x0,
    0x0, 0x0, 0x0, 0xff, 0xff, 0x0, 0x0, 0x0,
    0x0, 0x0, 0x0, 0x0, 0x0, 0xf, 0xff, 0xf0,
    0x0, 0x0, 0x0, 0x0, 0x0, 0x0, 0x0, 0x0,
    0xff, 0xff, 0x0, 0x0, 0x0, 0x0, 0x0, 0x0,
    0x0, 0x0, 0xf, 0xff, 0xf0, 0x0, 0x0, 0x0,
    0x0, 0x0, 0x0, 0x0, 0x0, 0xff, 0xff, 0x0,
    0x0, 0x0, 0x0, 0x0, 0x0, 0x0, 0x0, 0xf,
    0xff, 0xf0, 0x0, 0x0, 0x0, 0x0, 0x0, 0x0,
    0x0, 0x0, 0xff, 0xff, 0x0, 0x0, 0x0, 0x0,
    0x6f, 0xff, 0xff, 0xe3, 0xf, 0xff, 0xf0, 0x0,
    0x0, 0x0, 0x9f, 0xff, 0xff, 0xc1, 0x0, 0xff,
    0xff, 0x0, 0x0, 0x1, 0xcf, 0xff, 0xff, 0xa0,
    0x0, 0xf, 0xff, 0xf0, 0x0, 0x3, 0xef, 0xff,
    0xff, 0x70, 0x0, 0x0, 0xff, 0xff, 0x0, 0x5,
    0xff, 0xff, 0xfe, 0x40, 0x0, 0x0, 0xf, 0xff,
    0xf0, 0x8, 0xff, 0xff, 0xfd, 0x20, 0x0, 0x0,
    0x0, 0xff, 0xff, 0x8, 0xff, 0xff, 0xfa, 0x0,
    0x0, 0x0, 0x0, 0xf, 0xff, 0xf0, 0xef, 0xff,
    0xf8, 0x0, 0x0, 0x0, 0x0, 0x0, 0xff, 0xff,
    0xa, 0xff, 0xff, 0xd1, 0x0, 0x0, 0x0, 0x0,
    0xf, 0xff, 0xf0, 0x1c, 0xff, 0xff, 0xe2, 0x0,
    0x0, 0x0, 0x0, 0xff, 0xff, 0x0, 0xc, 0xff,
    0xff, 0xe2, 0x0, 0x0, 0x0, 0xf, 0xff, 0xf0,
    0x0, 0xb, 0xff, 0xff, 0xe2, 0x0, 0x0, 0x0,
    0xff, 0xff, 0x0, 0x0, 0xb, 0xff, 0xff, 0xe2,
    0x0, 0x0, 0xf, 0xff, 0xf0, 0x0, 0x0, 0xb,
    0xff, 0xff, 0xe3, 0x0, 0x0, 0xff, 0xff, 0x0,
    0x0, 0x0, 0xa, 0xff, 0xff, 0xf3, 0x0, 0xf,
    0xff, 0xf0, 0x0, 0x0, 0x0, 0xa, 0xff, 0xff,
    0xf3, 0x0, 0xff, 0xff, 0x0, 0x0, 0x0, 0x0,
    0x9, 0xff, 0xff, 0xf4,

    /* U+006C "l" */
    0x3f, 0xff, 0xe0, 0x0, 0x3, 0xff, 0xfe, 0x0,
    0x0, 0x3f, 0xff, 0xe0, 0x0, 0x3, 0xff, 0xfe,
    0x0, 0x0, 0x3f, 0xff, 0xe0, 0x0, 0x3, 0xff,
    0xfe, 0x0, 0x0, 0x3f, 0xff, 0xe0, 0x0, 0x3,
    0xff, 0xfe, 0x0, 0x0, 0x3f, 0xff, 0xe0, 0x0,
    0x3, 0xff, 0xfe, 0x0, 0x0, 0x3f, 0xff, 0xe0,
    0x0, 0x3, 0xff, 0xfe, 0x0, 0x0, 0x3f, 0xff,
    0xe0, 0x0, 0x3, 0xff, 0xfe, 0x0, 0x0, 0x3f,
    0xff, 0xe0, 0x0, 0x3, 0xff, 0xfe, 0x0, 0x0,
    0x3f, 0xff, 0xe0, 0x0, 0x3, 0xff, 0xfe, 0x0,
    0x0, 0x2f, 0xff, 0xe0, 0x0, 0x1, 0xff, 0xff,
    0x71, 0x10, 0xc, 0xff, 0xff, 0xff, 0x50, 0x4f,
    0xff, 0xff, 0xf5, 0x0, 0x6f, 0xff, 0xff, 0x50,
    0x0, 0x3a, 0xef, 0xf5,

    /* U+006D "m" */
    0x5, 0xef, 0xff, 0xff, 0xff, 0xfd, 0x82, 0xff,
    0xff, 0xff, 0xd9, 0x20, 0x0, 0xf, 0xff, 0xff,
    0xff, 0xff, 0xff, 0xff, 0xff, 0xff, 0xff, 0xff,
    0xf5, 0x0, 0x1f, 0xff, 0xff, 0xff, 0xff, 0xff,
    0xff, 0xff, 0xff, 0xff, 0xff, 0xff, 0x30, 0x1f,
    0xff, 0xff, 0xff, 0xff, 0xff, 0xff, 0xff, 0xff,
    0xff, 0xff, 0xff, 0xb0, 0x1f, 0xff, 0xf1, 0x11,
    0x11, 0x29, 0xff, 0xfd, 0x11, 0x11, 0x7f, 0xff,
    0xf0, 0x1f, 0xff, 0xf0, 0x0, 0x0, 0x1, 0xff,
    0xff, 0x0, 0x0, 0xf, 0xff, 0xf1, 0x1f, 0xff,
    0xf0, 0x0, 0x0, 0x1, 0xff, 0xff, 0x0, 0x0,
    0xf, 0xff, 0xf2, 0x1f, 0xff, 0xf0, 0x0, 0x0,
    0x1, 0xff, 0xff, 0x0, 0x0, 0xf, 0xff, 0xf2,
    0x1f, 0xff, 0xf0, 0x0, 0x0, 0x1, 0xff, 0xff,
    0x0, 0x0, 0xf, 0xff, 0xf2, 0x1f, 0xff, 0xf0,
    0x0, 0x0, 0x1, 0xff, 0xff, 0x0, 0x0, 0xf,
    0xff, 0xf2, 0x1f, 0xff, 0xf0, 0x0, 0x0, 0x1,
    0xff, 0xff, 0x0, 0x0, 0xf, 0xff, 0xf2, 0x1f,
    0xff, 0xf0, 0x0, 0x0, 0x1, 0xff, 0xff, 0x0,
    0x0, 0xf, 0xff, 0xf2, 0x1f, 0xff, 0xf0, 0x0,
    0x0, 0x1, 0xff, 0xff, 0x0, 0x0, 0xf, 0xff,
    0xf2, 0x1f, 0xff, 0xf0, 0x0, 0x0, 0x1, 0xff,
    0xff, 0x0, 0x0, 0xf, 0xff, 0xf2, 0x1f, 0xff,
    0xf0, 0x0, 0x0, 0x1, 0xff, 0xff, 0x0, 0x0,
    0xf, 0xff, 0xf2, 0x1f, 0xff, 0xf0, 0x0, 0x0,
    0x1, 0xff, 0xff, 0x0, 0x0, 0xf, 0xff, 0xf2,
    0x1f, 0xff, 0xf0, 0x0, 0x0, 0x1, 0xff, 0xff,
    0x0, 0x0, 0xf, 0xff, 0xf2,

    /* U+006E "n" */
    0x5, 0xef, 0xff, 0xff, 0xff, 0xff, 0xfd, 0x93,
    0x0, 0x0, 0xf, 0xff, 0xff, 0xff, 0xff, 0xff,
    0xff, 0xff, 0x90, 0x0, 0x1f, 0xff, 0xff, 0xff,
    0xff, 0xff, 0xff, 0xff, 0xfb, 0x0, 0x1f, 0xff,
    0xff, 0xff, 0xff, 0xff, 0xff, 0xff, 0xff, 0x80,
    0x1f, 0xff, 0xf1, 0x11, 0x11, 0x11, 0x26, 0xef,
    0xff, 0xf1, 0x1f, 0xff, 0xf0, 0x0, 0x0, 0x0,
    0x0, 0x2f, 0xff, 0xf5, 0x1f, 0xff, 0xf0, 0x0,
    0x0, 0x0, 0x0, 0x9, 0xff, 0xf8, 0x1f, 0xff,
    0xf0, 0x0, 0x0, 0x0, 0x0, 0x7, 0xff, 0xf9,
    0x1f, 0xff, 0xf0, 0x0, 0x0, 0x0, 0x0, 0x7,
    0xff, 0xfa, 0x1f, 0xff, 0xf0, 0x0, 0x0, 0x0,
    0x0, 0x7, 0xff, 0xfa, 0x1f, 0xff, 0xf0, 0x0,
    0x0, 0x0, 0x0, 0x7, 0xff, 0xfa, 0x1f, 0xff,
    0xf0, 0x0, 0x0, 0x0, 0x0, 0x7, 0xff, 0xfa,
    0x1f, 0xff, 0xf0, 0x0, 0x0, 0x0, 0x0, 0x7,
    0xff, 0xfa, 0x1f, 0xff, 0xf0, 0x0, 0x0, 0x0,
    0x0, 0x7, 0xff, 0xfa, 0x1f, 0xff, 0xf0, 0x0,
    0x0, 0x0, 0x0, 0x7, 0xff, 0xfa, 0x1f, 0xff,
    0xf0, 0x0, 0x0, 0x0, 0x0, 0x7, 0xff, 0xfa,
    0x1f, 0xff, 0xf0, 0x0, 0x0, 0x0, 0x0, 0x7,
    0xff, 0xfa,

    /* U+006F "o" */
    0x0, 0x4, 0xbe, 0xff, 0xff, 0xff, 0xff, 0xeb,
    0x40, 0x0, 0x0, 0xaf, 0xff, 0xff, 0xff, 0xff,
    0xff, 0xff, 0xf8, 0x0, 0x8, 0xff, 0xff, 0xff,
    0xff, 0xff, 0xff, 0xff, 0xff, 0x50, 0xf, 0xff,
    0xff, 0xff, 0xff, 0xff, 0xff, 0xff, 0xff, 0xd0,
    0x4f, 0xff, 0xf4, 0x11, 0x11, 0x11, 0x11, 0x5f,
    0xff, 0xf1, 0x6f, 0xff, 0xa0, 0x0, 0x0, 0x0,
    0x0, 0xd, 0xff, 0xf4, 0x7f, 0xff, 0xa0, 0x0,
    0x0, 0x0, 0x0, 0xc, 0xff, 0xf4, 0x7f, 0xff,
    0xa0, 0x0, 0x0, 0x0, 0x0, 0xc, 0xff, 0xf4,
    0x7f, 0xff, 0xa0, 0x0, 0x0, 0x0, 0x0, 0xc,
    0xff, 0xf4, 0x7f, 0xff, 0xa0, 0x0, 0x0, 0x0,
    0x0, 0xc, 0xff, 0xf4, 0x7f, 0xff, 0xa0, 0x0,
    0x0, 0x0, 0x0, 0xc, 0xff, 0xf4, 0x6f, 0xff,
    0xa0, 0x0, 0x0, 0x0, 0x0, 0xd, 0xff, 0xf4,
    0x4f, 0xff, 0xf4, 0x11, 0x11, 0x11, 0x11, 0x5f,
    0xff, 0xf2, 0xf, 0xff, 0xff, 0xff, 0xff, 0xff,
    0xff, 0xff, 0xff, 0xd0, 0x8, 0xff, 0xff, 0xff,
    0xff, 0xff, 0xff, 0xff, 0xff, 0x50, 0x0, 0xaf,
    0xff, 0xff, 0xff, 0xff, 0xff, 0xff, 0xf7, 0x0,
    0x0, 0x4, 0xbe, 0xff, 0xff, 0xff, 0xff, 0xea,
    0x30, 0x0,

    /* U+0070 "p" */
    0x0, 0x2, 0x9d, 0xff, 0xff, 0xff, 0xff, 0xfc,
    0x50, 0x0, 0x0, 0x6f, 0xff, 0xff, 0xff, 0xff,
    0xff, 0xff, 0xfb, 0x0, 0x3, 0xff, 0xff, 0xff,
    0xff, 0xff, 0xff, 0xff, 0xff, 0x80, 0xb, 0xff,
    0xff, 0xff, 0xff, 0xff, 0xff, 0xff, 0xff, 0xf1,
    0x1f, 0xff, 0xf7, 0x11, 0x11, 0x11, 0x11, 0x3e,
    0xff, 0xf5, 0x2f, 0xff, 0xe0, 0x0, 0x0, 0x0,
    0x0, 0x9, 0xff, 0xf8, 0x3f, 0xff, 0xe0, 0x0,
    0x0, 0x0, 0x0, 0x8, 0xff, 0xf8, 0x3f, 0xff,
    0xe0, 0x0, 0x0, 0x0, 0x0, 0x8, 0xff, 0xf8,
    0x3f, 0xff, 0xe0, 0x0, 0x0, 0x0, 0x0, 0x8,
    0xff, 0xf8, 0x3f, 0xff, 0xe0, 0x0, 0x0, 0x0,
    0x0, 0x8, 0xff, 0xf8, 0x3f, 0xff, 0xe0, 0x0,
    0x0, 0x0, 0x0, 0x8, 0xff, 0xf8, 0x3f, 0xff,
    0xe0, 0x0, 0x0, 0x0, 0x0, 0x9, 0xff, 0xf8,
    0x3f, 0xff, 0xe0, 0x1, 0x11, 0x11, 0x11, 0x3e,
    0xff, 0xf6, 0x3f, 0xff, 0xe0, 0x7f, 0xff, 0xff,
    0xff, 0xff, 0xff, 0xf1, 0x3f, 0xff, 0xe0, 0x7f,
    0xff, 0xff, 0xff, 0xff, 0xff, 0x90, 0x3f, 0xff,
    0xe0, 0x7f, 0xff, 0xff, 0xff, 0xff, 0xfb, 0x0,
    0x3f, 0xff, 0xe0, 0x7f, 0xff, 0xff, 0xff, 0xeb,
    0x50, 0x0, 0x3f, 0xff, 0xe0, 0x0, 0x0, 0x0,
    0x0, 0x0, 0x0, 0x0, 0x3f, 0xff, 0xe0, 0x0,
    0x0, 0x0, 0x0, 0x0, 0x0, 0x0, 0x3f, 0xff,
    0xe0, 0x0, 0x0, 0x0, 0x0, 0x0, 0x0, 0x0,
    0x3f, 0xff, 0xe0, 0x0, 0x0, 0x0, 0x0, 0x0,
    0x0, 0x0, 0x3f, 0xff, 0xe0, 0x0, 0x0, 0x0,
    0x0, 0x0, 0x0, 0x0, 0x18, 0x88, 0x70, 0x0,
    0x0, 0x0, 0x0, 0x0, 0x0, 0x0,

    /* U+0071 "q" */
    0x0, 0x4, 0xbf, 0xff, 0xff, 0xff, 0xff, 0xea,
    0x30, 0x0, 0x0, 0xaf, 0xff, 0xff, 0xff, 0xff,
    0xff, 0xff, 0xf7, 0x0, 0x7, 0xff, 0xff, 0xff,
    0xff, 0xff, 0xff, 0xff, 0xff, 0x50, 0xf, 0xff,
    0xff, 0xff, 0xff, 0xff, 0xff, 0xff, 0xff, 0xd0,
    0x4f, 0xff, 0xf4, 0x11, 0x11, 0x11, 0x11, 0x5f,
    0xff, 0xf2, 0x6f, 0xff, 0xa0, 0x0, 0x0, 0x0,
    0x0, 0xd, 0xff, 0xf4, 0x7f, 0xff, 0xa0, 0x0,
    0x0, 0x0, 0x0, 0xc, 0xff, 0xf4, 0x7f, 0xff,
    0xa0, 0x0, 0x0, 0x0, 0x0, 0xc, 0xff, 0xf4,
    0x7f, 0xff, 0xa0, 0x0, 0x0, 0x0, 0x0, 0xc,
    0xff, 0xf4, 0x7f, 0xff, 0xa0, 0x0, 0x0, 0x0,
    0x0, 0xc, 0xff, 0xf4, 0x7f, 0xff, 0xa0, 0x0,
    0x0, 0x0, 0x0, 0xc, 0xff, 0xf4, 0x6f, 0xff,
    0xa0, 0x0, 0x0, 0x0, 0x0, 0xc, 0xff, 0xf4,
    0x4f, 0xff, 0xf4, 0x11, 0x11, 0x11, 0x10, 0xc,
    0xff, 0xf4, 0xf, 0xff, 0xff, 0xff, 0xff, 0xff,
    0xf9, 0xc, 0xff, 0xf4, 0x8, 0xff, 0xff, 0xff,
    0xff, 0xff, 0xf9, 0xc, 0xff, 0xf4, 0x0, 0xaf,
    0xff, 0xff, 0xff, 0xff, 0xf9, 0xc, 0xff, 0xf4,
    0x0, 0x4, 0xbe, 0xff, 0xff, 0xff, 0xf9, 0xc,
    0xff, 0xf4, 0x0, 0x0, 0x0, 0x0, 0x0, 0x0,
    0x0, 0xc, 0xff, 0xf4, 0x0, 0x0, 0x0, 0x0,
    0x0, 0x0, 0x0, 0xc, 0xff, 0xf4, 0x0, 0x0,
    0x0, 0x0, 0x0, 0x0, 0x0, 0xc, 0xff, 0xf4,
    0x0, 0x0, 0x0, 0x0, 0x0, 0x0, 0x0, 0xc,
    0xff, 0xf4, 0x0, 0x0, 0x0, 0x0, 0x0, 0x0,
    0x0, 0xc, 0xff, 0xf4, 0x0, 0x0, 0x0, 0x0,
    0x0, 0x0, 0x0, 0x6, 0x88, 0x82,

    /* U+0072 "r" */
    0x0, 0x2, 0x9d, 0xff, 0xff, 0xff, 0xff, 0xfb,
    0x0, 0x6f, 0xff, 0xff, 0xff, 0xff, 0xff, 0xfb,
    0x4, 0xff, 0xff, 0xff, 0xff, 0xff, 0xff, 0xfb,
    0xc, 0xff, 0xff, 0xff, 0xff, 0xff, 0xff, 0xfb,
    0x1f, 0xff, 0xf7, 0x11, 0x11, 0x11, 0x11, 0x11,
    0x2f, 0xff, 0xe0, 0x0, 0x0, 0x0, 0x0, 0x0,
    0x3f, 0xff, 0xe0, 0x0, 0x0, 0x0, 0x0, 0x0,
    0x3f, 0xff, 0xe0, 0x0, 0x0, 0x0, 0x0, 0x0,
    0x3f, 0xff, 0xe0, 0x0, 0x0, 0x0, 0x0, 0x0,
    0x3f, 0xff, 0xe0, 0x0, 0x0, 0x0, 0x0, 0x0,
    0x3f, 0xff, 0xe0, 0x0, 0x0, 0x0, 0x0, 0x0,
    0x3f, 0xff, 0xe0, 0x0, 0x0, 0x0, 0x0, 0x0,
    0x3f, 0xff, 0xe0, 0x0, 0x0, 0x0, 0x0, 0x0,
    0x3f, 0xff, 0xe0, 0x0, 0x0, 0x0, 0x0, 0x0,
    0x3f, 0xff, 0xe0, 0x0, 0x0, 0x0, 0x0, 0x0,
    0x3f, 0xff, 0xe0, 0x0, 0x0, 0x0, 0x0, 0x0,
    0x3f, 0xff, 0xe0, 0x0, 0x0, 0x0, 0x0, 0x0,

    /* U+0073 "s" */
    0x0, 0x3a, 0xef, 0xff, 0xff, 0xff, 0xff, 0xf3,
    0x0, 0x5, 0xff, 0xff, 0xff, 0xff, 0xff, 0xff,
    0xf3, 0x0, 0x1f, 0xff, 0xff, 0xff, 0xff, 0xff,
    0xff, 0xf3, 0x0, 0x7f, 0xff, 0xff, 0xff, 0xff,
    0xff, 0xff, 0xf3, 0x0, 0x9f, 0xff, 0x91, 0x11,
    0x11, 0x11, 0x11, 0x10, 0x0, 0x9f, 0xff, 0x81,
    0x11, 0x11, 0x11, 0x0, 0x0, 0x0, 0x7f, 0xff,
    0xff, 0xff, 0xff, 0xff, 0xfc, 0x50, 0x0, 0x1f,
    0xff, 0xff, 0xff, 0xff, 0xff, 0xff, 0xf9, 0x0,
    0x5, 0xff, 0xff, 0xff, 0xff, 0xff, 0xff, 0xff,
    0x60, 0x0, 0x3b, 0xef, 0xff, 0xff, 0xff, 0xff,
    0xff, 0xd0, 0x0, 0x0, 0x0, 0x0, 0x0, 0x0,
    0x4f, 0xff, 0xf1, 0x0, 0x0, 0x0, 0x0, 0x0,
    0x0, 0xe, 0xff, 0xf3, 0x1, 0x11, 0x11, 0x11,
    0x11, 0x11, 0x5f, 0xff, 0xf2, 0x7f, 0xff, 0xff,
    0xff, 0xff, 0xff, 0xff, 0xff, 0xd0, 0x7f, 0xff,
    0xff, 0xff, 0xff, 0xff, 0xff, 0xff, 0x50, 0x7f,
    0xff, 0xff, 0xff, 0xff, 0xff, 0xff, 0xf7, 0x0,
    0x7f, 0xff, 0xff, 0xff, 0xff, 0xff, 0xea, 0x30,
    0x0,

    /* U+0074 "t" */
    0x0, 0x0, 0x0, 0xff, 0xff, 0x20, 0x0, 0x0,
    0x0, 0x0, 0x0, 0x0, 0xff, 0xff, 0x20, 0x0,
    0x0, 0x0, 0x0, 0x0, 0x0, 0xff, 0xff, 0x20,
    0x0, 0x0, 0x0, 0x0, 0x0, 0x0, 0xff, 0xff,
    0x20, 0x0, 0x0, 0x0, 0x0, 0x0, 0x0, 0xff,
    0xff, 0x20, 0x0, 0x0, 0x0, 0x0, 0x0, 0x0,
    0xff, 0xff, 0x20, 0x0, 0x0, 0x0, 0x3f, 0xff,
    0xff, 0xff, 0xff, 0xff, 0xff, 0xff, 0xf4, 0x3f,
    0xff, 0xff, 0xff, 0xff, 0xff, 0xff, 0xff, 0xf4,
    0x3f, 0xff, 0xff, 0xff, 0xff, 0xff, 0xff, 0xff,
    0xf4, 0x3f, 0xff, 0xff, 0xff, 0xff, 0xff, 0xff,
    0xff, 0xf4, 0x1, 0x11, 0x11, 0xff, 0xff, 0x31,
    0x11, 0x11, 0x10, 0x0, 0x0, 0x0, 0xff, 0xff,
    0x20, 0x0, 0x0, 0x0, 0x0, 0x0, 0x0, 0xff,
    0xff, 0x20, 0x0, 0x0, 0x0, 0x0, 0x0, 0x0,
    0xff, 0xff, 0x20, 0x0, 0x0, 0x0, 0x0, 0x0,
    0x0, 0xff, 0xff, 0x20, 0x0, 0x0, 0x0, 0x0,
    0x0, 0x0, 0xff, 0xff, 0x20, 0x0, 0x0, 0x0,
    0x0, 0x0, 0x0, 0xff, 0xff, 0x20, 0x0, 0x0,
    0x0, 0x0, 0x0, 0x0, 0xff, 0xff, 0x20, 0x0,
    0x0, 0x0, 0x0, 0x0, 0x0, 0xff, 0xff, 0x20,
    0x0, 0x0, 0x0, 0x0, 0x0, 0x0, 0xff, 0xff,
    0x20, 0x0, 0x0, 0x0, 0x0, 0x0, 0x0, 0xff,
    0xff, 0x20, 0x0, 0x0, 0x0, 0x0, 0x0, 0x0,
    0xff, 0xff, 0x20, 0x0, 0x0, 0x0, 0x0, 0x0,
    0x0, 0xff, 0xff, 0x20, 0x0, 0x0, 0x0,

    /* U+0075 "u" */
    0x5f, 0xff, 0xb0, 0x0, 0x0, 0x0, 0x0, 0xb,
    0xff, 0xf6, 0x5f, 0xff, 0xb0, 0x0, 0x0, 0x0,
    0x0, 0xb, 0xff, 0xf6, 0x5f, 0xff, 0xb0, 0x0,
    0x0, 0x0, 0x0, 0xb, 0xff, 0xf6, 0x5f, 0xff,
    0xb0, 0x0, 0x0, 0x0, 0x0, 0xb, 0xff, 0xf6,
    0x5f, 0xff, 0xb0, 0x0, 0x0, 0x0, 0x0, 0xb,
    0xff, 0xf6, 0x5f, 0xff, 0xb0, 0x0, 0x0, 0x0,
    0x0, 0xb, 0xff, 0xf6, 0x5f, 0xff, 0xb0, 0x0,
    0x0, 0x0, 0x0, 0xb, 0xff, 0xf6, 0x5f, 0xff,
    0xb0, 0x0, 0x0, 0x0, 0x0, 0xb, 0xff, 0xf6,
    0x5f, 0xff, 0xb0, 0x0, 0x0, 0x0, 0x0, 0xb,
    0xff, 0xf6, 0x5f, 0xff, 0xb0, 0x0, 0x0, 0x0,
    0x0, 0xb, 0xff, 0xf6, 0x4f, 0xff, 0xe0, 0x0,
    0x0, 0x0, 0x0, 0xb, 0xff, 0xf6, 0x1f, 0xff,
    0xf6, 0x0, 0x0, 0x0, 0x0, 0xb, 0xff, 0xf6,
    0xb, 0xff, 0xff, 0x83, 0x11, 0x11, 0x11, 0x1b,
    0xff, 0xf6, 0x3, 0xff, 0xff, 0xff, 0xff, 0xff,
    0xff, 0xff, 0xff, 0xf6, 0x0, 0x7f, 0xff, 0xff,
    0xff, 0xff, 0xff, 0xff, 0xff, 0xf5, 0x0, 0x6,
    0xff, 0xff, 0xff, 0xff, 0xff, 0xff, 0xff, 0xf4,
    0x0, 0x0, 0x17, 0xce, 0xff, 0xff, 0xff, 0xff,
    0xff, 0x90,

    /* U+0076 "v" */
    0x1f, 0xff, 0xf0, 0x0, 0x0, 0x0, 0x0, 0x0,
    0x6f, 0xff, 0xd0, 0x1f, 0xff, 0xf0, 0x0, 0x0,
    0x0, 0x0, 0x0, 0xbf, 0xff, 0x70, 0x1f, 0xff,
    0xf0, 0x0, 0x0, 0x0, 0x0, 0x2, 0xff, 0xff,
    0x10, 0x1f, 0xff, 0xf0, 0x0, 0x0, 0x0, 0x0,
    0xa, 0xff, 0xfb, 0x0, 0x1f, 0xff, 0xf0, 0x0,
    0x0, 0x0, 0x0, 0x2f, 0xff, 0xf5, 0x0, 0x1f,
    0xff, 0xf0, 0x0, 0x0, 0x0, 0x0, 0xaf, 0xff,
    0xd0, 0x0, 0x1f, 0xff, 0xf0, 0x0, 0x0, 0x0,
    0x5, 0xff, 0xff, 0x50, 0x0, 0x1f, 0xff, 0xf0,
    0x0, 0x0, 0x0, 0x1e, 0xff, 0xfb, 0x0, 0x0,
    0x1f, 0xff, 0xf0, 0x0, 0x0, 0x0, 0xbf, 0xff,
    0xf2, 0x0, 0x0, 0x1f, 0xff, 0xf0, 0x0, 0x0,
    0xa, 0xff, 0xff, 0x70, 0x0, 0x0, 0x1f, 0xff,
    0xf0, 0x0, 0x0, 0xaf, 0xff, 0xfa, 0x0, 0x0,
    0x0, 0x1f, 0xff, 0xf0, 0x0, 0x4d, 0xff, 0xff,
    0xc0, 0x0, 0x0, 0x0, 0x1f, 0xff, 0xf4, 0x7c,
    0xff, 0xff, 0xfc, 0x10, 0x0, 0x0, 0x0, 0x1f,
    0xff, 0xff, 0xff, 0xff, 0xff, 0xa0, 0x0, 0x0,
    0x0, 0x0, 0x1f, 0xff, 0xff, 0xff, 0xff, 0xe6,
    0x0, 0x0, 0x0, 0x0, 0x0, 0xf, 0xff, 0xff,
    0xff, 0xe8, 0x10, 0x0, 0x0, 0x0, 0x0, 0x0,
    0x5, 0xef, 0xec, 0x84, 0x0, 0x0, 0x0, 0x0,
    0x0, 0x0, 0x0,

    /* U+0077 "w" */
    0x0, 0x0, 0x0, 0x0, 0x0, 0x0, 0x0, 0x0,
    0x0, 0x0, 0x0, 0x0, 0x0, 0x0, 0x1, 0xff,
    0xff, 0x0, 0x0, 0x0, 0x0, 0xbf, 0xb0, 0x0,
    0x0, 0x0, 0x1f, 0xff, 0xf7, 0x1f, 0xff, 0xf0,
    0x0, 0x0, 0x0, 0xbf, 0xff, 0x60, 0x0, 0x0,
    0x9, 0xff, 0xfe, 0x1, 0xff, 0xff, 0x0, 0x0,
    0x0, 0xaf, 0xff, 0xf8, 0x0, 0x0, 0x2, 0xff,
    0xff, 0x80, 0x1f, 0xff, 0xf0, 0x0, 0x0, 0x8f,
    0xff, 0xff, 0x80, 0x0, 0x0, 0xaf, 0xff, 0xf1,
    0x1, 0xff, 0xff, 0x0, 0x0, 0x6f, 0xff, 0xff,
    0xf8, 0x0, 0x0, 0x3f, 0xff, 0xf8, 0x0, 0x1f,
    0xff, 0xf0, 0x0, 0x5f, 0xff, 0xff, 0xff, 0x80,
    0x0, 0xc, 0xff, 0xfe, 0x0, 0x1, 0xff, 0xff,
    0x0, 0x3f, 0xff, 0xff, 0xff, 0xf8, 0x0, 0x5,
    0xff, 0xff, 0x50, 0x0, 0x1f, 0xff, 0xf0, 0x2e,
    0xff, 0xff, 0xcf, 0xff, 0x80, 0x1, 0xef, 0xff,
    0xb0, 0x0, 0x1, 0xff, 0xff, 0x1e, 0xff, 0xff,
    0x68, 0xff, 0xf8, 0x0, 0xbf, 0xff, 0xf2, 0x0,
    0x0, 0x1f, 0xff, 0xfc, 0xff, 0xff, 0x80, 0x8f,
    0xff, 0x80, 0x7f, 0xff, 0xf7, 0x0, 0x0, 0x1,
    0xff, 0xff, 0xff, 0xff, 0x90, 0x8, 0xff, 0xf8,
    0x5f, 0xff, 0xfb, 0x0, 0x0, 0x0, 0x1f, 0xff,
    0xff, 0xff, 0xb0, 0x0, 0x8f, 0xff, 0xcf, 0xff,
    0xfe, 0x10, 0x0, 0x0, 0x1, 0xff, 0xff, 0xff,
    0xc0, 0x0, 0x8, 0xff, 0xff, 0xff, 0xff, 0x30,
    0x0, 0x0, 0x0, 0x1f, 0xff, 0xff, 0xd1, 0x0,
    0x0, 0x8f, 0xff, 0xff, 0xff, 0x40, 0x0, 0x0,
    0x0, 0x1, 0xff, 0xff, 0xe2, 0x0, 0x0, 0x8,
    0xff, 0xff, 0xff, 0x40, 0x0, 0x0, 0x0, 0x0,
    0xf, 0xff, 0xf3, 0x0, 0x0, 0x0, 0x6f, 0xff,
    0xfd, 0x20, 0x0, 0x0, 0x0, 0x0, 0x0, 0x5e,
    0xe4, 0x0, 0x0, 0x0, 0x0, 0xbf, 0xd7, 0x0,
    0x0, 0x0, 0x0, 0x0, 0x0,

    /* U+0078 "x" */
    0x8, 0xff, 0xff, 0xe2, 0x0, 0x0, 0x0, 0xc,
    0xff, 0xff, 0xb0, 0x0, 0x9, 0xff, 0xff, 0xd1,
    0x0, 0x0, 0xb, 0xff, 0xff, 0xc0, 0x0, 0x0,
    0xa, 0xff, 0xff, 0xd1, 0x0, 0xa, 0xff, 0xff,
    0xd1, 0x0, 0x0, 0x0, 0xb, 0xff, 0xff, 0xc0,
    0x9, 0xff, 0xff, 0xe1, 0x0, 0x0, 0x0, 0x0,
    0xc, 0xff, 0xff, 0xb8, 0xff, 0xff, 0xe2, 0x0,
    0x0, 0x0, 0x0, 0x0, 0x1d, 0xff, 0xff, 0xff,
    0xff, 0xf3, 0x0, 0x0, 0x0, 0x0, 0x0, 0x0,
    0x2e, 0xff, 0xff, 0xff, 0xf4, 0x0, 0x0, 0x0,
    0x0, 0x0, 0x0, 0x0, 0x3f, 0xff, 0xff, 0xf6,
    0x0, 0x0, 0x0, 0x0, 0x0, 0x0, 0x0, 0x3,
    0xff, 0xff, 0xff, 0x50, 0x0, 0x0, 0x0, 0x0,
    0x0, 0x0, 0x2, 0xef, 0xff, 0xff, 0xff, 0x40,
    0x0, 0x0, 0x0, 0x0, 0x0, 0x1, 0xdf, 0xff,
    0xff, 0xff, 0xff, 0x30, 0x0, 0x0, 0x0, 0x0,
    0x1, 0xdf, 0xff, 0xfb, 0x8f, 0xff, 0xfe, 0x20,
    0x0, 0x0, 0x0, 0x0, 0xcf, 0xff, 0xfc, 0x0,
    0x9f, 0xff, 0xfe, 0x10, 0x0, 0x0, 0x0, 0xbf,
    0xff, 0xfd, 0x10, 0x0, 0xaf, 0xff, 0xfd, 0x10,
    0x0, 0x0, 0x9f, 0xff, 0xfe, 0x10, 0x0, 0x0,
    0xbf, 0xff, 0xfc, 0x0, 0x0, 0x8f, 0xff, 0xfe,
    0x20, 0x0, 0x0, 0x0, 0xcf, 0xff, 0xfb, 0x0,
    0x6f, 0xff, 0xff, 0x30, 0x0, 0x0, 0x0, 0x1,
    0xdf, 0xff, 0xfa, 0x0,

    /* U+0079 "y" */
    0x3f, 0xff, 0xe0, 0x0, 0x0, 0x0, 0x0, 0x8,
    0xff, 0xf8, 0x3f, 0xff, 0xe0, 0x0, 0x0, 0x0,
    0x0, 0x8, 0xff, 0xf8, 0x3f, 0xff, 0xe0, 0x0,
    0x0, 0x0, 0x0, 0x8, 0xff, 0xf8, 0x3f, 0xff,
    0xe0, 0x0, 0x0, 0x0, 0x0, 0x8, 0xff, 0xf8,
    0x3f, 0xff, 0xe0, 0x0, 0x0, 0x0, 0x0, 0x8,
    0xff, 0xf8, 0x3f, 0xff, 0xe0, 0x0, 0x0, 0x0,
    0x0, 0x8, 0xff, 0xf8, 0x3f, 0xff, 0xe0, 0x0,
    0x0, 0x0, 0x0, 0x8, 0xff, 0xf8, 0x3f, 0xff,
    0xe0, 0x0, 0x0, 0x0, 0x0, 0x8, 0xff, 0xf8,
    0x3f, 0xff, 0xe0, 0x0, 0x0, 0x0, 0x0, 0x8,
    0xff, 0xf8, 0x3f, 0xff, 0xe0, 0x0, 0x0, 0x0,
    0x0, 0x8, 0xff, 0xf8, 0x3f, 0xff, 0xe0, 0x0,
    0x0, 0x0, 0x0, 0x8, 0xff, 0xf8, 0x2f, 0xff,
    0xe0, 0x0, 0x0, 0x0, 0x0, 0x8, 0xff, 0xf8,
    0xf, 0xff, 0xf7, 0x11, 0x11, 0x11, 0x11, 0x8,
    0xff, 0xf8, 0xc, 0xff, 0xff, 0xff, 0xff, 0xff,
    0xfd, 0x8, 0xff, 0xf8, 0x4, 0xff, 0xff, 0xff,
    0xff, 0xff, 0xfd, 0x8, 0xff, 0xf8, 0x0, 0x6f,
    0xff, 0xff, 0xff, 0xff, 0xfd, 0x8, 0xff, 0xf8,
    0x0, 0x3, 0xae, 0xff, 0xff, 0xff, 0xfd, 0x8,
    0xff, 0xf8, 0x0, 0x0, 0x0, 0x0, 0x0, 0x0,
    0x0, 0x8, 0xff, 0xf8, 0x0, 0x0, 0x0, 0x0,
    0x0, 0x0, 0x0, 0x9, 0xff, 0xf8, 0x0, 0x0,
    0x0, 0x1, 0x11, 0x11, 0x11, 0x3e, 0xff, 0xf6,
    0x0, 0x0, 0x0, 0x7f, 0xff, 0xff, 0xff, 0xff,
    0xff, 0xf2, 0x0, 0x0, 0x0, 0x7f, 0xff, 0xff,
    0xff, 0xff, 0xff, 0x90, 0x0, 0x0, 0x0, 0x7f,
    0xff, 0xff, 0xff, 0xff, 0xfb, 0x0, 0x0, 0x0,
    0x0, 0x7f, 0xff, 0xff, 0xff, 0xeb, 0x50, 0x0,

    /* U+007A "z" */
    0xaf, 0xff, 0xff, 0xff, 0xff, 0xff, 0xff, 0xfe,
    0x50, 0xaf, 0xff, 0xff, 0xff, 0xff, 0xff, 0xff,
    0xff, 0xf0, 0xaf, 0xff, 0xff, 0xff, 0xff, 0xff,
    0xff, 0xff, 0xf0, 0xaf, 0xff, 0xff, 0xff, 0xff,
    0xff, 0xff, 0xff, 0x70, 0x1, 0x11, 0x11, 0x11,
    0x16, 0xff, 0xff, 0xf7, 0x0, 0x0, 0x0, 0x0,
    0x0, 0x4f, 0xff, 0xff, 0x70, 0x0, 0x0, 0x0,
    0x0, 0x4, 0xff, 0xff, 0xf7, 0x0, 0x0, 0x0,
    0x0, 0x0, 0x4f, 0xff, 0xff, 0x70, 0x0, 0x0,
    0x0, 0x0, 0x4, 0xff, 0xff, 0xf7, 0x0, 0x0,
    0x0, 0x0, 0x0, 0x4f, 0xff, 0xff, 0x70, 0x0,
    0x0, 0x0, 0x0, 0x4, 0xff, 0xff, 0xf8, 0x0,
    0x0, 0x0, 0x0, 0x0, 0x4f, 0xff, 0xff, 0x80,
    0x0, 0x0, 0x0, 0x0, 0x4, 0xff, 0xff, 0xf9,
    0x11, 0x11, 0x11, 0x11, 0x10, 0x3f, 0xff, 0xff,
    0xff, 0xff, 0xff, 0xff, 0xff, 0xe0, 0xbf, 0xff,
    0xff, 0xff, 0xff, 0xff, 0xff, 0xff, 0xe0, 0xbf,
    0xff, 0xff, 0xff, 0xff, 0xff, 0xff, 0xff, 0xe0,
    0x2d, 0xff, 0xff, 0xff, 0xff, 0xff, 0xff, 0xff,
    0xe0,

    /* U+007B "{" */
    0x0, 0x0, 0x0, 0x5, 0xbe, 0xff, 0x70, 0x0,
    0x0, 0x1c, 0xff, 0xff, 0xf7, 0x0, 0x0, 0xd,
    0xff, 0xff, 0xff, 0x70, 0x0, 0x7, 0xff, 0xff,
    0xff, 0xf7, 0x0, 0x0, 0xcf, 0xff, 0xc4, 0x11,
    0x0, 0x0, 0xe, 0xff, 0xf2, 0x0, 0x0, 0x0,
    0x0, 0xff, 0xff, 0x10, 0x0, 0x0, 0x0, 0xf,
    0xff, 0xf1, 0x0, 0x0, 0x0, 0x0, 0xff, 0xff,
    0x10, 0x0, 0x0, 0x0, 0xf, 0xff, 0xf1, 0x0,
    0x0, 0x0, 0x0, 0xff, 0xff, 0x10, 0x0, 0x0,
    0x0, 0xf, 0xff, 0xf1, 0x0, 0x0, 0x0, 0x6,
    0xff, 0xff, 0x0, 0x0, 0x1, 0xbf, 0xff, 0xff,
    0xb0, 0x0, 0x0, 0x8f, 0xff, 0xff, 0xf3, 0x0,
    0x0, 0x8, 0xff, 0xff, 0xff, 0x20, 0x0, 0x0,
    0x1d, 0xff, 0xff, 0xfa, 0x0, 0x0, 0x0, 0x1,
    0x8f, 0xff, 0xe0, 0x0, 0x0, 0x0, 0x0, 0xff,
    0xff, 0x0, 0x0, 0x0, 0x0, 0xf, 0xff, 0xf1,
    0x0, 0x0, 0x0, 0x0, 0xff, 0xff, 0x10, 0x0,
    0x0, 0x0, 0xf, 0xff, 0xf1, 0x0, 0x0, 0x0,
    0x0, 0xff, 0xff, 0x10, 0x0, 0x0, 0x0, 0xf,
    0xff, 0xf1, 0x0, 0x0, 0x0, 0x0, 0xff, 0xff,
    0x20, 0x0, 0x0, 0x0, 0xd, 0xff, 0xfc, 0x42,
    0x20, 0x0, 0x0, 0x8f, 0xff, 0xff, 0xff, 0x70,
    0x0, 0x0, 0xef, 0xff, 0xff, 0xf7, 0x0, 0x0,
    0x1, 0xdf, 0xff, 0xff, 0x70, 0x0, 0x0, 0x0,
    0x5b, 0xef, 0xf7,

    /* U+007C "|" */
    0xdf, 0xff, 0x3e, 0xff, 0xf3, 0xef, 0xff, 0x3e,
    0xff, 0xf3, 0xef, 0xff, 0x3e, 0xff, 0xf3, 0xef,
    0xff, 0x3e, 0xff, 0xf3, 0xef, 0xff, 0x3e, 0xff,
    0xf3, 0xef, 0xff, 0x3e, 0xff, 0xf3, 0xef, 0xff,
    0x3e, 0xff, 0xf3, 0xef, 0xff, 0x3e, 0xff, 0xf3,
    0xef, 0xff, 0x3e, 0xff, 0xf3, 0xef, 0xff, 0x3e,
    0xff, 0xf3, 0xef, 0xff, 0x3e, 0xff, 0xf3, 0xef,
    0xff, 0x3e, 0xff, 0xf3, 0xef, 0xff, 0x3e, 0xff,
    0xf3, 0xef, 0xff, 0x3e, 0xff, 0xf3, 0xef, 0xff,
    0x3e, 0xff, 0xf3,

    /* U+007D "}" */
    0xef, 0xfd, 0x92, 0x0, 0x0, 0x0, 0xe, 0xff,
    0xff, 0xf7, 0x0, 0x0, 0x0, 0xef, 0xff, 0xff,
    0xf6, 0x0, 0x0, 0xe, 0xff, 0xff, 0xff, 0xf1,
    0x0, 0x0, 0x11, 0x26, 0xff, 0xff, 0x50, 0x0,
    0x0, 0x0, 0xa, 0xff, 0xf8, 0x0, 0x0, 0x0,
    0x0, 0x8f, 0xff, 0x80, 0x0, 0x0, 0x0, 0x8,
    0xff, 0xf8, 0x0, 0x0, 0x0, 0x0, 0x8f, 0xff,
    0x80, 0x0, 0x0, 0x0, 0x8, 0xff, 0xf8, 0x0,
    0x0, 0x0, 0x0, 0x8f, 0xff, 0x80, 0x0, 0x0,
    0x0, 0x8, 0xff, 0xf9, 0x0, 0x0, 0x0, 0x0,
    0x6f, 0xff, 0xe2, 0x0, 0x0, 0x0, 0x2, 0xff,
    0xff, 0xfe, 0x70, 0x0, 0x0, 0xa, 0xff, 0xff,
    0xff, 0x10, 0x0, 0x0, 0x8f, 0xff, 0xff, 0xf2,
    0x0, 0x0, 0x1f, 0xff, 0xff, 0xf8, 0x0, 0x0,
    0x5, 0xff, 0xfe, 0x40, 0x0, 0x0, 0x0, 0x7f,
    0xff, 0x90, 0x0, 0x0, 0x0, 0x8, 0xff, 0xf9,
    0x0, 0x0, 0x0, 0x0, 0x8f, 0xff, 0x90, 0x0,
    0x0, 0x0, 0x8, 0xff, 0xf9, 0x0, 0x0, 0x0,
    0x0, 0x8f, 0xff, 0x90, 0x0, 0x0, 0x0, 0x8,
    0xff, 0xf9, 0x0, 0x0, 0x0, 0x0, 0x8f, 0xff,
    0x90, 0x0, 0x1, 0x22, 0x6f, 0xff, 0xf7, 0x0,
    0x0, 0xdf, 0xff, 0xff, 0xff, 0x10, 0x0, 0xd,
    0xff, 0xff, 0xff, 0x80, 0x0, 0x0, 0xdf, 0xff,
    0xff, 0x80, 0x0, 0x0, 0xd, 0xff, 0xd9, 0x20,
    0x0, 0x0, 0x0,

    /* U+007E "~" */
    0x0, 0x0, 0x0, 0x0, 0x0, 0x0, 0x0, 0x0,
    0x0, 0x0, 0x5b, 0xee, 0xb7, 0x20, 0x0, 0x0,
    0x0, 0x26, 0xb, 0xff, 0xff, 0xff, 0xfd, 0x83,
    0x0, 0x17, 0xf9, 0x4f, 0xff, 0xff, 0xff, 0xff,
    0xff, 0xff, 0xff, 0xf9, 0x4f, 0xff, 0xff, 0xff,
    0xff, 0xff, 0xff, 0xff, 0xf9, 0x4f, 0xa3, 0x1,
    0x38, 0xdf, 0xff, 0xff, 0xff, 0xe3, 0x45, 0x0,
    0x0, 0x0, 0x1, 0x6b, 0xef, 0xd8, 0x10, 0x0,
    0x0, 0x0, 0x0, 0x0, 0x0, 0x0, 0x0, 0x0
};


/*---------------------
 *  GLYPH DESCRIPTION
 *--------------------*/

static const lv_font_fmt_txt_glyph_dsc_t glyph_dsc[] = {
    {.bitmap_index = 0, .adv_w = 0, .box_w = 0, .box_h = 0, .ofs_x = 0, .ofs_y = 0} /* id = 0 reserved */,
    {.bitmap_index = 0, .adv_w = 167, .box_w = 0, .box_h = 0, .ofs_x = 0, .ofs_y = 0},
    {.bitmap_index = 0, .adv_w = 133, .box_w = 6, .box_h = 23, .ofs_x = 1, .ofs_y = 0},
    {.bitmap_index = 69, .adv_w = 196, .box_w = 10, .box_h = 8, .ofs_x = 1, .ofs_y = 14},
    {.bitmap_index = 109, .adv_w = 374, .box_w = 22, .box_h = 22, .ofs_x = 1, .ofs_y = 0},
    {.bitmap_index = 351, .adv_w = 272, .box_w = 15, .box_h = 23, .ofs_x = 1, .ofs_y = 0},
    {.bitmap_index = 524, .adv_w = 444, .box_w = 26, .box_h = 20, .ofs_x = 1, .ofs_y = 0},
    {.bitmap_index = 784, .adv_w = 344, .box_w = 20, .box_h = 20, .ofs_x = 1, .ofs_y = 0},
    {.bitmap_index = 984, .adv_w = 109, .box_w = 5, .box_h = 8, .ofs_x = 1, .ofs_y = 14},
    {.bitmap_index = 1004, .adv_w = 219, .box_w = 13, .box_h = 30, .ofs_x = 1, .ofs_y = -3},
    {.bitmap_index = 1199, .adv_w = 219, .box_w = 13, .box_h = 30, .ofs_x = 0, .ofs_y = -3},
    {.bitmap_index = 1394, .adv_w = 278, .box_w = 14, .box_h = 15, .ofs_x = 2, .ofs_y = 8},
    {.bitmap_index = 1499, .adv_w = 276, .box_w = 15, .box_h = 15, .ofs_x = 1, .ofs_y = 4},
    {.bitmap_index = 1612, .adv_w = 115, .box_w = 6, .box_h = 8, .ofs_x = 0, .ofs_y = -3},
    {.bitmap_index = 1636, .adv_w = 293, .box_w = 16, .box_h = 4, .ofs_x = 1, .ofs_y = 9},
    {.bitmap_index = 1668, .adv_w = 105, .box_w = 5, .box_h = 5, .ofs_x = 1, .ofs_y = 0},
    {.bitmap_index = 1681, .adv_w = 338, .box_w = 19, .box_h = 23, .ofs_x = 1, .ofs_y = 0},
    {.bitmap_index = 1900, .adv_w = 474, .box_w = 27, .box_h = 23, .ofs_x = 1, .ofs_y = 0},
    {.bitmap_index = 2211, .adv_w = 182, .box_w = 8, .box_h = 23, .ofs_x = 1, .ofs_y = 0},
    {.bitmap_index = 2303, .adv_w = 385, .box_w = 22, .box_h = 23, .ofs_x = 1, .ofs_y = 0},
    {.bitmap_index = 2556, .adv_w = 368, .box_w = 19, .box_h = 23, .ofs_x = 2, .ofs_y = 0},
    {.bitmap_index = 2775, .adv_w = 396, .box_w = 22, .box_h = 23, .ofs_x = 1, .ofs_y = 0},
    {.bitmap_index = 3028, .adv_w = 384, .box_w = 21, .box_h = 23, .ofs_x = 2, .ofs_y = 0},
    {.bitmap_index = 3270, .adv_w = 381, .box_w = 22, .box_h = 23, .ofs_x = 1, .ofs_y = 0},
    {.bitmap_index = 3523, .adv_w = 328, .box_w = 19, .box_h = 23, .ofs_x = 1, .ofs_y = 0},
    {.bitmap_index = 3742, .adv_w = 382, .box_w = 22, .box_h = 23, .ofs_x = 1, .ofs_y = 0},
    {.bitmap_index = 3995, .adv_w = 381, .box_w = 21, .box_h = 23, .ofs_x = 1, .ofs_y = 0},
    {.bitmap_index = 4237, .adv_w = 125, .box_w = 5, .box_h = 17, .ofs_x = 1, .ofs_y = 0},
    {.bitmap_index = 4280, .adv_w = 129, .box_w = 7, .box_h = 20, .ofs_x = 0, .ofs_y = -3},
    {.bitmap_index = 4350, .adv_w = 269, .box_w = 15, .box_h = 17, .ofs_x = 1, .ofs_y = 3},
    {.bitmap_index = 4478, .adv_w = 303, .box_w = 15, .box_h = 11, .ofs_x = 2, .ofs_y = 6},
    {.bitmap_index = 4561, .adv_w = 269, .box_w = 15, .box_h = 17, .ofs_x = 1, .ofs_y = 3},
    {.bitmap_index = 4689, .adv_w = 341, .box_w = 19, .box_h = 23, .ofs_x = 1, .ofs_y = 0},
    {.bitmap_index = 4908, .adv_w = 339, .box_w = 19, .box_h = 18, .ofs_x = 1, .ofs_y = 0},
    {.bitmap_index = 5079, .adv_w = 427, .box_w = 24, .box_h = 23, .ofs_x = 1, .ofs_y = 0},
    {.bitmap_index = 5355, .adv_w = 414, .box_w = 23, .box_h = 23, .ofs_x = 2, .ofs_y = 0},
    {.bitmap_index = 5620, .adv_w = 383, .box_w = 21, .box_h = 23, .ofs_x = 2, .ofs_y = 0},
    {.bitmap_index = 5862, .adv_w = 422, .box_w = 23, .box_h = 23, .ofs_x = 2, .ofs_y = 0},
    {.bitmap_index = 6127, .adv_w = 387, .box_w = 21, .box_h = 23, .ofs_x = 2, .ofs_y = 0},
    {.bitmap_index = 6369, .adv_w = 378, .box_w = 21, .box_h = 23, .ofs_x = 2, .ofs_y = 0},
    {.bitmap_index = 6611, .adv_w = 422, .box_w = 23, .box_h = 23, .ofs_x = 2, .ofs_y = 0},
    {.bitmap_index = 6876, .adv_w = 435, .box_w = 23, .box_h = 23, .ofs_x = 2, .ofs_y = 0},
    {.bitmap_index = 7141, .adv_w = 142, .box_w = 5, .box_h = 23, .ofs_x = 2, .ofs_y = 0},
    {.bitmap_index = 7199, .adv_w = 376, .box_w = 22, .box_h = 23, .ofs_x = 0, .ofs_y = 0},
    {.bitmap_index = 7452, .adv_w = 417, .box_w = 24, .box_h = 23, .ofs_x = 2, .ofs_y = 0},
    {.bitmap_index = 7728, .adv_w = 377, .box_w = 21, .box_h = 23, .ofs_x = 2, .ofs_y = 0},
    {.bitmap_index = 7970, .adv_w = 493, .box_w = 27, .box_h = 23, .ofs_x = 2, .ofs_y = 0},
    {.bitmap_index = 8281, .adv_w = 434, .box_w = 23, .box_h = 24, .ofs_x = 2, .ofs_y = 0},
    {.bitmap_index = 8557, .adv_w = 441, .box_w = 25, .box_h = 23, .ofs_x = 1, .ofs_y = 0},
    {.bitmap_index = 8845, .adv_w = 413, .box_w = 23, .box_h = 23, .ofs_x = 2, .ofs_y = 0},
    {.bitmap_index = 9110, .adv_w = 441, .box_w = 25, .box_h = 26, .ofs_x = 1, .ofs_y = -3},
    {.bitmap_index = 9435, .adv_w = 424, .box_w = 24, .box_h = 23, .ofs_x = 2, .ofs_y = 0},
    {.bitmap_index = 9711, .adv_w = 399, .box_w = 23, .box_h = 23, .ofs_x = 1, .ofs_y = 0},
    {.bitmap_index = 9976, .adv_w = 372, .box_w = 23, .box_h = 23, .ofs_x = 0, .ofs_y = 0},
    {.bitmap_index = 10241, .adv_w = 427, .box_w = 24, .box_h = 23, .ofs_x = 1, .ofs_y = 0},
    {.bitmap_index = 10517, .adv_w = 396, .box_w = 26, .box_h = 23, .ofs_x = -1, .ofs_y = 0},
    {.bitmap_index = 10816, .adv_w = 513, .box_w = 30, .box_h = 23, .ofs_x = 1, .ofs_y = 0},
    {.bitmap_index = 11161, .adv_w = 403, .box_w = 25, .box_h = 23, .ofs_x = 0, .ofs_y = 0},
    {.bitmap_index = 11449, .adv_w = 400, .box_w = 23, .box_h = 23, .ofs_x = 1, .ofs_y = 0},
    {.bitmap_index = 11714, .adv_w = 365, .box_w = 21, .box_h = 23, .ofs_x = 1, .ofs_y = 0},
    {.bitmap_index = 11956, .adv_w = 187, .box_w = 9, .box_h = 30, .ofs_x = 2, .ofs_y = -4},
    {.bitmap_index = 12091, .adv_w = 338, .box_w = 19, .box_h = 23, .ofs_x = 1, .ofs_y = 0},
    {.bitmap_index = 12310, .adv_w = 187, .box_w = 9, .box_h = 30, .ofs_x = 1, .ofs_y = -4},
    {.bitmap_index = 12445, .adv_w = 220, .box_w = 14, .box_h = 12, .ofs_x = 0, .ofs_y = 11},
    {.bitmap_index = 12529, .adv_w = 349, .box_w = 19, .box_h = 4, .ofs_x = 1, .ofs_y = -6},
    {.bitmap_index = 12567, .adv_w = 285, .box_w = 10, .box_h = 7, .ofs_x = 3, .ofs_y = 18},
    {.bitmap_index = 12602, .adv_w = 335, .box_w = 20, .box_h = 17, .ofs_x = 0, .ofs_y = 0},
    {.bitmap_index = 12772, .adv_w = 354, .box_w = 20, .box_h = 24, .ofs_x = 1, .ofs_y = 0},
    {.bitmap_index = 13012, .adv_w = 316, .box_w = 18, .box_h = 17, .ofs_x = 1, .ofs_y = 0},
    {.bitmap_index = 13165, .adv_w = 359, .box_w = 20, .box_h = 24, .ofs_x = 1, .ofs_y = 0},
    {.bitmap_index = 13405, .adv_w = 335, .box_w = 20, .box_h = 17, .ofs_x = 1, .ofs_y = 0},
    {.bitmap_index = 13575, .adv_w = 282, .box_w = 16, .box_h = 24, .ofs_x = 1, .ofs_y = 0},
    {.bitmap_index = 13767, .adv_w = 354, .box_w = 20, .box_h = 24, .ofs_x = 1, .ofs_y = -7},
    {.bitmap_index = 14007, .adv_w = 360, .box_w = 20, .box_h = 24, .ofs_x = 1, .ofs_y = 0},
    {.bitmap_index = 14247, .adv_w = 128, .box_w = 6, .box_h = 24, .ofs_x = 1, .ofs_y = 0},
    {.bitmap_index = 14319, .adv_w = 128, .box_w = 14, .box_h = 31, .ofs_x = -7, .ofs_y = -7},
    {.bitmap_index = 14536, .adv_w = 354, .box_w = 21, .box_h = 24, .ofs_x = 1, .ofs_y = 0},
    {.bitmap_index = 14788, .adv_w = 161, .box_w = 9, .box_h = 24, .ofs_x = 1, .ofs_y = 0},
    {.bitmap_index = 14896, .adv_w = 447, .box_w = 26, .box_h = 17, .ofs_x = 1, .ofs_y = 0},
    {.bitmap_index = 15117, .adv_w = 357, .box_w = 20, .box_h = 17, .ofs_x = 1, .ofs_y = 0},
    {.bitmap_index = 15287, .adv_w = 349, .box_w = 20, .box_h = 17, .ofs_x = 1, .ofs_y = 0},
    {.bitmap_index = 15457, .adv_w = 354, .box_w = 20, .box_h = 23, .ofs_x = 1, .ofs_y = -6},
    {.bitmap_index = 15687, .adv_w = 354, .box_w = 20, .box_h = 23, .ofs_x = 1, .ofs_y = -6},
    {.bitmap_index = 15917, .adv_w = 279, .box_w = 16, .box_h = 17, .ofs_x = 1, .ofs_y = 0},
    {.bitmap_index = 16053, .adv_w = 307, .box_w = 18, .box_h = 17, .ofs_x = 1, .ofs_y = 0},
    {.bitmap_index = 16206, .adv_w = 289, .box_w = 18, .box_h = 23, .ofs_x = 0, .ofs_y = 0},
    {.bitmap_index = 16413, .adv_w = 357, .box_w = 20, .box_h = 17, .ofs_x = 1, .ofs_y = 0},
    {.bitmap_index = 16583, .adv_w = 346, .box_w = 22, .box_h = 17, .ofs_x = 1, .ofs_y = 0},
    {.bitmap_index = 16770, .adv_w = 468, .box_w = 29, .box_h = 18, .ofs_x = 1, .ofs_y = 0},
    {.bitmap_index = 17031, .adv_w = 356, .box_w = 23, .box_h = 17, .ofs_x = 0, .ofs_y = 0},
    {.bitmap_index = 17227, .adv_w = 360, .box_w = 20, .box_h = 24, .ofs_x = 1, .ofs_y = -7},
    {.bitmap_index = 17467, .adv_w = 308, .box_w = 18, .box_h = 17, .ofs_x = 1, .ofs_y = 0},
    {.bitmap_index = 17620, .adv_w = 217, .box_w = 13, .box_h = 30, .ofs_x = 0, .ofs_y = -4},
    {.bitmap_index = 17815, .adv_w = 133, .box_w = 5, .box_h = 30, .ofs_x = 2, .ofs_y = -4},
    {.bitmap_index = 17890, .adv_w = 217, .box_w = 13, .box_h = 30, .ofs_x = 1, .ofs_y = -4},
    {.bitmap_index = 18085, .adv_w = 324, .box_w = 18, .box_h = 8, .ofs_x = 1, .ofs_y = 7}
};

/*---------------------
 *  CHARACTER MAPPING
 *--------------------*/



/*Collect the unicode lists and glyph_id offsets*/
static const lv_font_fmt_txt_cmap_t cmaps[] =
{
    {
        .range_start = 32, .range_length = 95, .glyph_id_start = 1,
        .unicode_list = NULL, .glyph_id_ofs_list = NULL, .list_length = 0, .type = LV_FONT_FMT_TXT_CMAP_FORMAT0_TINY
    }
};

/*-----------------
 *    KERNING
 *----------------*/


/*Pair left and right glyphs for kerning*/
static const uint8_t kern_pair_glyph_ids[] =
{
    1, 3,
    1, 8,
    1, 43,
    1, 53,
    1, 55,
    1, 57,
    1, 58,
    1, 66,
    1, 85,
    1, 89,
    3, 1,
    3, 13,
    3, 15,
    3, 16,
    3, 19,
    3, 25,
    3, 34,
    3, 43,
    3, 66,
    3, 68,
    3, 69,
    3, 70,
    3, 72,
    3, 80,
    3, 81,
    3, 82,
    3, 83,
    4, 18,
    5, 18,
    5, 24,
    7, 3,
    7, 8,
    7, 43,
    7, 52,
    7, 53,
    7, 55,
    7, 56,
    7, 57,
    7, 58,
    7, 59,
    7, 85,
    8, 1,
    8, 13,
    8, 15,
    8, 16,
    8, 19,
    8, 25,
    8, 34,
    8, 43,
    8, 66,
    8, 68,
    8, 69,
    8, 70,
    8, 72,
    8, 80,
    8, 81,
    8, 82,
    8, 83,
    9, 9,
    9, 17,
    9, 18,
    9, 19,
    9, 20,
    9, 21,
    9, 22,
    9, 23,
    9, 24,
    9, 25,
    9, 26,
    9, 34,
    9, 35,
    9, 36,
    9, 37,
    9, 38,
    9, 39,
    9, 40,
    9, 41,
    9, 42,
    9, 43,
    9, 44,
    9, 45,
    9, 46,
    9, 47,
    9, 48,
    9, 49,
    9, 50,
    9, 51,
    9, 52,
    9, 53,
    9, 54,
    9, 55,
    9, 56,
    9, 58,
    9, 59,
    9, 66,
    9, 67,
    9, 68,
    9, 69,
    9, 70,
    9, 71,
    9, 72,
    9, 73,
    9, 74,
    9, 75,
    9, 76,
    9, 77,
    9, 78,
    9, 79,
    9, 80,
    9, 82,
    9, 83,
    9, 84,
    9, 85,
    9, 86,
    9, 87,
    9, 88,
    9, 89,
    9, 90,
    9, 91,
    9, 92,
    10, 10,
    10, 62,
    10, 94,
    11, 43,
    11, 53,
    11, 57,
    11, 66,
    12, 18,
    12, 24,
    13, 3,
    13, 8,
    13, 14,
    13, 17,
    13, 18,
    13, 21,
    13, 23,
    13, 24,
    13, 26,
    13, 38,
    13, 48,
    13, 50,
    13, 53,
    13, 54,
    13, 55,
    13, 56,
    13, 58,
    13, 85,
    13, 86,
    14, 18,
    14, 24,
    14, 43,
    14, 53,
    14, 55,
    14, 56,
    14, 57,
    14, 59,
    14, 66,
    14, 89,
    15, 3,
    15, 8,
    15, 14,
    15, 17,
    15, 18,
    15, 21,
    15, 23,
    15, 24,
    15, 26,
    15, 38,
    15, 48,
    15, 50,
    15, 53,
    15, 54,
    15, 55,
    15, 56,
    15, 58,
    15, 85,
    15, 86,
    16, 16,
    16, 17,
    16, 19,
    16, 23,
    16, 25,
    16, 26,
    16, 34,
    16, 36,
    16, 38,
    16, 40,
    16, 43,
    16, 48,
    16, 49,
    16, 50,
    16, 52,
    16, 55,
    16, 66,
    16, 68,
    16, 69,
    16, 70,
    16, 71,
    16, 72,
    16, 78,
    16, 79,
    16, 80,
    16, 81,
    16, 82,
    16, 83,
    16, 84,
    16, 85,
    16, 86,
    16, 87,
    16, 88,
    16, 89,
    16, 90,
    16, 91,
    17, 10,
    17, 13,
    17, 15,
    17, 16,
    17, 18,
    17, 24,
    17, 43,
    17, 53,
    17, 55,
    17, 57,
    17, 59,
    17, 61,
    17, 62,
    17, 94,
    18, 10,
    19, 10,
    19, 61,
    20, 10,
    20, 16,
    20, 61,
    20, 62,
    20, 94,
    21, 10,
    22, 3,
    22, 8,
    22, 10,
    22, 16,
    22, 18,
    22, 24,
    22, 26,
    22, 61,
    22, 62,
    22, 94,
    23, 3,
    23, 8,
    23, 10,
    23, 16,
    23, 18,
    23, 24,
    23, 26,
    23, 53,
    23, 55,
    23, 56,
    23, 58,
    23, 61,
    23, 62,
    23, 94,
    24, 4,
    24, 10,
    24, 12,
    24, 13,
    24, 14,
    24, 15,
    24, 16,
    24, 17,
    24, 19,
    24, 23,
    24, 25,
    24, 30,
    24, 34,
    24, 36,
    24, 40,
    24, 43,
    24, 48,
    24, 49,
    24, 50,
    24, 52,
    24, 53,
    24, 55,
    25, 3,
    25, 8,
    25, 10,
    25, 16,
    25, 18,
    25, 24,
    25, 26,
    25, 53,
    25, 55,
    25, 56,
    25, 57,
    25, 58,
    25, 61,
    25, 62,
    25, 94,
    26, 10,
    26, 13,
    26, 15,
    26, 16,
    26, 18,
    26, 55,
    26, 57,
    26, 61,
    26, 62,
    26, 94,
    27, 53,
    27, 55,
    27, 56,
    28, 53,
    28, 55,
    28, 56,
    30, 18,
    33, 53,
    33, 55,
    33, 56,
    33, 57,
    33, 89,
    34, 10,
    34, 61,
    34, 68,
    34, 69,
    34, 70,
    34, 72,
    34, 80,
    34, 81,
    34, 82,
    34, 83,
    34, 86,
    34, 90,
    35, 10,
    35, 11,
    35, 16,
    35, 18,
    35, 21,
    35, 24,
    35, 26,
    35, 32,
    35, 53,
    35, 54,
    35, 55,
    35, 56,
    35, 57,
    35, 58,
    35, 59,
    35, 61,
    35, 62,
    35, 85,
    35, 89,
    35, 91,
    35, 94,
    36, 10,
    36, 14,
    36, 17,
    36, 36,
    36, 40,
    36, 48,
    36, 50,
    36, 52,
    36, 66,
    36, 68,
    36, 69,
    36, 70,
    36, 72,
    36, 78,
    36, 79,
    36, 80,
    36, 81,
    36, 82,
    36, 83,
    36, 84,
    36, 85,
    36, 86,
    36, 87,
    36, 88,
    36, 90,
    37, 10,
    37, 13,
    37, 15,
    37, 16,
    37, 18,
    37, 24,
    37, 32,
    37, 43,
    37, 53,
    37, 55,
    37, 56,
    37, 57,
    37, 59,
    37, 61,
    37, 62,
    37, 66,
    37, 81,
    37, 83,
    37, 89,
    37, 94,
    38, 10,
    38, 14,
    38, 36,
    38, 40,
    38, 48,
    38, 50,
    38, 52,
    38, 66,
    38, 68,
    38, 69,
    38, 70,
    38, 72,
    38, 78,
    38, 79,
    38, 80,
    38, 81,
    38, 82,
    38, 83,
    38, 84,
    38, 85,
    38, 86,
    38, 87,
    38, 88,
    38, 90,
    39, 1,
    39, 10,
    39, 13,
    39, 14,
    39, 15,
    39, 16,
    39, 25,
    39, 27,
    39, 28,
    39, 33,
    39, 34,
    39, 43,
    39, 48,
    39, 50,
    39, 66,
    39, 68,
    39, 69,
    39, 70,
    39, 72,
    39, 78,
    39, 79,
    39, 80,
    39, 81,
    39, 82,
    39, 83,
    39, 84,
    39, 85,
    39, 86,
    39, 87,
    39, 88,
    39, 89,
    39, 90,
    39, 91,
    40, 10,
    40, 85,
    40, 90,
    41, 10,
    41, 66,
    41, 68,
    41, 69,
    41, 70,
    41, 72,
    41, 80,
    41, 81,
    41, 82,
    41, 83,
    41, 86,
    41, 90,
    42, 10,
    42, 66,
    42, 68,
    42, 69,
    42, 70,
    42, 72,
    42, 80,
    42, 81,
    42, 82,
    42, 83,
    42, 86,
    42, 90,
    43, 10,
    43, 13,
    43, 15,
    43, 16,
    43, 43,
    43, 66,
    43, 68,
    43, 69,
    43, 70,
    43, 71,
    43, 72,
    43, 78,
    43, 79,
    43, 80,
    43, 81,
    43, 82,
    43, 83,
    43, 84,
    43, 86,
    43, 87,
    43, 88,
    43, 89,
    43, 90,
    43, 91,
    44, 1,
    44, 7,
    44, 11,
    44, 14,
    44, 16,
    44, 17,
    44, 18,
    44, 23,
    44, 24,
    44, 25,
    44, 32,
    44, 36,
    44, 38,
    44, 40,
    44, 48,
    44, 50,
    44, 61,
    44, 62,
    44, 66,
    44, 68,
    44, 69,
    44, 70,
    44, 72,
    44, 80,
    44, 82,
    44, 85,
    44, 86,
    44, 87,
    44, 88,
    44, 90,
    44, 94,
    45, 1,
    45, 3,
    45, 8,
    45, 10,
    45, 11,
    45, 14,
    45, 17,
    45, 18,
    45, 21,
    45, 24,
    45, 26,
    45, 32,
    45, 38,
    45, 48,
    45, 50,
    45, 53,
    45, 54,
    45, 55,
    45, 56,
    45, 58,
    45, 61,
    45, 67,
    45, 77,
    45, 85,
    45, 86,
    45, 89,
    45, 90,
    46, 10,
    46, 66,
    46, 68,
    46, 69,
    46, 70,
    46, 72,
    46, 80,
    46, 81,
    46, 82,
    46, 83,
    46, 86,
    46, 90,
    47, 10,
    47, 66,
    47, 68,
    47, 69,
    47, 70,
    47, 72,
    47, 80,
    47, 81,
    47, 82,
    47, 83,
    47, 86,
    47, 90,
    48, 10,
    48, 13,
    48, 15,
    48, 16,
    48, 18,
    48, 24,
    48, 32,
    48, 43,
    48, 53,
    48, 55,
    48, 56,
    48, 57,
    48, 59,
    48, 61,
    48, 62,
    48, 81,
    48, 83,
    48, 89,
    48, 94,
    49, 1,
    49, 10,
    49, 13,
    49, 15,
    49, 16,
    49, 43,
    49, 55,
    49, 57,
    49, 59,
    49, 61,
    49, 62,
    49, 66,
    49, 81,
    49, 83,
    49, 89,
    49, 94,
    50, 10,
    50, 13,
    50, 15,
    50, 16,
    50, 18,
    50, 24,
    50, 32,
    50, 43,
    50, 53,
    50, 55,
    50, 56,
    50, 57,
    50, 59,
    50, 61,
    50, 62,
    50, 81,
    50, 83,
    50, 89,
    50, 94,
    51, 1,
    51, 10,
    51, 25,
    51, 53,
    51, 55,
    51, 61,
    51, 66,
    51, 68,
    51, 69,
    51, 70,
    51, 72,
    51, 80,
    51, 82,
    51, 86,
    51, 90,
    52, 1,
    52, 3,
    52, 8,
    52, 10,
    52, 11,
    52, 16,
    52, 18,
    52, 26,
    52, 53,
    52, 55,
    52, 56,
    52, 57,
    52, 58,
    52, 61,
    52, 62,
    52, 85,
    52, 89,
    52, 91,
    52, 94,
    53, 1,
    53, 10,
    53, 13,
    53, 14,
    53, 15,
    53, 16,
    53, 17,
    53, 19,
    53, 25,
    53, 27,
    53, 28,
    53, 33,
    53, 34,
    53, 43,
    53, 48,
    53, 49,
    53, 50,
    53, 55,
    53, 66,
    53, 68,
    53, 69,
    53, 70,
    53, 72,
    53, 78,
    53, 79,
    53, 80,
    53, 81,
    53, 82,
    53, 83,
    53, 84,
    53, 85,
    53, 86,
    53, 87,
    53, 88,
    53, 89,
    53, 90,
    53, 91,
    54, 10,
    54, 16,
    54, 68,
    54, 69,
    54, 70,
    54, 72,
    54, 80,
    54, 81,
    54, 82,
    54, 83,
    54, 84,
    54, 86,
    54, 90,
    55, 1,
    55, 7,
    55, 10,
    55, 13,
    55, 14,
    55, 15,
    55, 16,
    55, 17,
    55, 18,
    55, 23,
    55, 24,
    55, 25,
    55, 27,
    55, 28,
    55, 32,
    55, 33,
    55, 34,
    55, 36,
    55, 40,
    55, 43,
    55, 48,
    55, 49,
    55, 50,
    55, 52,
    55, 53,
    55, 61,
    55, 62,
    55, 66,
    55, 68,
    55, 69,
    55, 70,
    55, 71,
    55, 72,
    55, 78,
    55, 79,
    55, 80,
    55, 81,
    55, 82,
    55, 83,
    55, 84,
    55, 85,
    55, 86,
    55, 87,
    55, 88,
    55, 89,
    55, 90,
    55, 91,
    55, 94,
    56, 10,
    56, 13,
    56, 14,
    56, 15,
    56, 16,
    56, 19,
    56, 25,
    56, 27,
    56, 28,
    56, 33,
    56, 34,
    56, 36,
    56, 40,
    56, 43,
    56, 48,
    56, 49,
    56, 50,
    56, 52,
    56, 66,
    56, 67,
    56, 68,
    56, 69,
    56, 70,
    56, 71,
    56, 72,
    56, 73,
    56, 74,
    56, 75,
    56, 76,
    56, 77,
    56, 78,
    56, 79,
    56, 80,
    56, 81,
    56, 82,
    56, 83,
    56, 84,
    56, 85,
    56, 86,
    56, 87,
    56, 88,
    56, 89,
    56, 90,
    56, 91,
    57, 1,
    57, 7,
    57, 11,
    57, 14,
    57, 17,
    57, 18,
    57, 23,
    57, 24,
    57, 25,
    57, 32,
    57, 36,
    57, 38,
    57, 40,
    57, 48,
    57, 50,
    57, 61,
    57, 62,
    57, 66,
    57, 68,
    57, 69,
    57, 70,
    57, 72,
    57, 80,
    57, 82,
    57, 85,
    57, 86,
    57, 87,
    57, 88,
    57, 90,
    57, 94,
    58, 1,
    58, 10,
    58, 13,
    58, 15,
    58, 16,
    58, 19,
    58, 25,
    58, 34,
    58, 43,
    58, 66,
    58, 68,
    58, 69,
    58, 70,
    58, 72,
    58, 78,
    58, 79,
    58, 80,
    58, 81,
    58, 82,
    58, 83,
    58, 84,
    58, 87,
    58, 88,
    59, 10,
    59, 14,
    59, 17,
    59, 48,
    59, 50,
    59, 68,
    59, 69,
    59, 70,
    59, 72,
    59, 78,
    59, 79,
    59, 80,
    59, 82,
    59, 85,
    59, 86,
    59, 87,
    59, 88,
    59, 90,
    60, 9,
    60, 17,
    60, 23,
    60, 25,
    60, 26,
    60, 36,
    60, 38,
    60, 40,
    60, 48,
    60, 50,
    60, 55,
    60, 57,
    60, 66,
    60, 68,
    60, 69,
    60, 70,
    60, 72,
    60, 75,
    60, 80,
    60, 82,
    60, 85,
    60, 86,
    60, 87,
    60, 88,
    60, 89,
    60, 90,
    60, 92,
    61, 3,
    61, 8,
    61, 17,
    61, 18,
    61, 21,
    61, 23,
    61, 24,
    61, 25,
    61, 26,
    61, 36,
    61, 38,
    61, 40,
    61, 48,
    61, 50,
    61, 53,
    61, 54,
    61, 55,
    61, 56,
    61, 58,
    61, 67,
    61, 68,
    61, 69,
    61, 70,
    61, 72,
    61, 77,
    61, 80,
    61, 82,
    61, 85,
    61, 86,
    61, 89,
    61, 90,
    66, 3,
    66, 8,
    66, 10,
    66, 16,
    66, 32,
    66, 61,
    66, 62,
    66, 85,
    66, 89,
    66, 91,
    66, 94,
    67, 3,
    67, 8,
    67, 10,
    67, 16,
    67, 32,
    67, 61,
    67, 62,
    67, 85,
    67, 89,
    67, 91,
    67, 94,
    68, 10,
    68, 61,
    68, 66,
    68, 68,
    68, 69,
    68, 70,
    68, 72,
    68, 80,
    68, 82,
    69, 10,
    69, 16,
    69, 89,
    70, 10,
    70, 13,
    70, 15,
    70, 16,
    70, 32,
    70, 61,
    70, 62,
    70, 66,
    70, 89,
    70, 94,
    71, 1,
    71, 13,
    71, 15,
    71, 16,
    71, 66,
    71, 68,
    71, 69,
    71, 70,
    71, 72,
    71, 80,
    71, 81,
    71, 82,
    71, 83,
    72, 3,
    72, 8,
    72, 32,
    72, 61,
    72, 85,
    73, 3,
    73, 8,
    73, 10,
    73, 32,
    73, 61,
    73, 85,
    74, 10,
    75, 10,
    76, 10,
    76, 14,
    76, 61,
    76, 66,
    76, 68,
    76, 69,
    76, 70,
    76, 72,
    76, 80,
    76, 82,
    77, 1,
    77, 3,
    77, 8,
    77, 10,
    77, 11,
    77, 14,
    77, 32,
    77, 61,
    77, 85,
    77, 86,
    78, 3,
    78, 8,
    78, 10,
    78, 32,
    78, 61,
    78, 85,
    79, 3,
    79, 8,
    79, 10,
    79, 11,
    79, 32,
    79, 61,
    79, 85,
    80, 3,
    80, 8,
    80, 10,
    80, 16,
    80, 32,
    80, 61,
    80, 62,
    80, 85,
    80, 89,
    80, 91,
    80, 94,
    81, 3,
    81, 8,
    81, 10,
    81, 16,
    81, 32,
    81, 61,
    81, 62,
    81, 85,
    81, 89,
    81, 91,
    81, 94,
    82, 3,
    82, 8,
    82, 32,
    82, 61,
    82, 85,
    83, 1,
    83, 10,
    83, 13,
    83, 15,
    83, 16,
    83, 61,
    83, 62,
    83, 66,
    83, 68,
    83, 69,
    83, 70,
    83, 72,
    83, 80,
    83, 81,
    83, 82,
    83, 83,
    83, 94,
    84, 3,
    84, 8,
    84, 10,
    84, 11,
    84, 14,
    84, 32,
    84, 61,
    84, 62,
    84, 85,
    84, 89,
    84, 94,
    85, 1,
    85, 10,
    85, 13,
    85, 15,
    85, 16,
    85, 61,
    85, 62,
    85, 66,
    85, 68,
    85, 69,
    85, 70,
    85, 72,
    85, 80,
    85, 81,
    85, 82,
    85, 83,
    85, 94,
    86, 10,
    86, 32,
    86, 61,
    86, 62,
    86, 94,
    87, 1,
    87, 13,
    87, 15,
    87, 16,
    87, 66,
    88, 1,
    88, 13,
    88, 15,
    88, 16,
    88, 66,
    89, 1,
    89, 10,
    89, 13,
    89, 14,
    89, 16,
    89, 61,
    89, 62,
    89, 66,
    89, 67,
    89, 68,
    89, 69,
    89, 70,
    89, 72,
    89, 77,
    89, 80,
    89, 82,
    89, 86,
    89, 90,
    89, 94,
    90, 32,
    90, 61,
    91, 10,
    91, 14,
    91, 32,
    91, 61,
    91, 68,
    91, 69,
    91, 70,
    91, 72,
    91, 80,
    91, 82,
    92, 9,
    92, 17,
    92, 23,
    92, 25,
    92, 26,
    92, 36,
    92, 38,
    92, 40,
    92, 48,
    92, 50,
    92, 55,
    92, 57,
    92, 66,
    92, 68,
    92, 69,
    92, 70,
    92, 72,
    92, 75,
    92, 80,
    92, 82,
    92, 85,
    92, 86,
    92, 87,
    92, 88,
    92, 89,
    92, 90,
    92, 92,
    93, 75,
    94, 10,
    94, 62,
    94, 94
};

/* Kerning between the respective left and right glyphs
 * 4.4 format which needs to scaled with `kern_scale`*/
static const int8_t kern_pair_values[] =
{
    -3, -3, -5, -5, -7, -2, -4, -2,
    -4, -2, -3, -27, -27, -21, -3, -3,
    -2, -25, -11, -2, -2, -2, -2, -2,
    -3, -2, -3, -2, -3, -3, -7, -7,
    -3, -2, -8, -10, -4, -7, -5, -4,
    -4, -3, -27, -27, -21, -3, -3, -2,
    -25, -11, -2, -2, -2, -2, -2, -3,
    -2, -3, -14, -17, -8, -7, -7, -8,
    -6, -15, -5, -14, -13, -9, -8, -14,
    -8, -12, -8, -14, -8, -8, -5, -8,
    -8, -8, -8, -16, -10, -16, -8, -8,
    -5, -10, -4, -7, -8, -6, -12, -5,
    -14, -14, -14, -9, -14, -4, -4, 65,
    -4, -5, -10, -10, -14, -14, -10, -9,
    -16, -16, -12, -12, -4, -14, -10, -13,
    -14, -9, -9, -28, 1, -5, -9, -6,
    -5, -27, -27, -17, -4, -8, -16, -3,
    -5, -5, -2, -4, -4, -18, -8, -18,
    -7, -19, -11, -3, -8, -7, -15, -15,
    -9, -3, -12, -8, -2, -9, -27, -27,
    -17, -4, -8, -16, -3, -5, -5, -2,
    -4, -4, -18, -8, -18, -7, -19, -11,
    -3, -80, -10, -5, -7, -11, -3, -12,
    -6, -3, -6, -31, -10, -7, -10, -6,
    4, -22, -14, -14, -14, -3, -15, -12,
    -12, -14, -15, -14, -15, -13, -6, -9,
    -10, -10, -8, -10, -8, -17, -4, -4,
    -10, -4, -4, -4, -3, -5, -8, -3,
    -10, -11, -11, -7, -8, -4, -14, -5,
    -5, -6, -6, -7, -3, -3, -12, -3,
    -3, -2, -3, -4, -4, -4, -5, -5,
    -13, -3, -6, -6, -4, -6, -5, -4,
    -4, -8, -6, -6, -12, -9, -8, -21,
    -10, -21, -27, -5, -4, -3, -7, -4,
    -7, -3, -3, -26, -5, -3, -5, -3,
    3, 3, -3, -3, -14, -4, -5, -5,
    -2, -5, -7, -4, -3, -3, -11, -7,
    -7, -15, -2, -2, -8, -2, -3, -5,
    -7, -8, -8, -9, -6, -2, -9, -6,
    -2, -3, -14, -9, -2, -5, -5, -9,
    -3, -1, -1, -1, -1, -1, -1, -1,
    -1, -1, -1, -13, -5, -4, -5, -2,
    -4, -3, -5, -7, -2, -8, -3, -7,
    -5, -1, -11, -6, -8, -6, -1, -6,
    -5, -7, -3, -3, -3, -5, -5, -1,
    -1, -3, -3, -3, -3, -2, -2, -3,
    -1, -3, -1, -1, -4, -3, -2, -2,
    -3, -17, -5, -5, -11, -4, -3, -4,
    -6, -6, -8, -3, -10, -5, -10, -10,
    -1, -1, -1, -6, -10, -5, -4, -2,
    -2, -4, -4, -1, -1, -3, -3, -3,
    -3, -2, -2, -3, -1, -3, -1, -1,
    -3, -3, -2, -2, -3, -4, -6, -16,
    -3, -16, -20, -2, -3, -3, -3, -5,
    -37, -2, -2, -18, -7, -7, -7, -8,
    -7, -7, -7, -10, -7, -10, -7, -1,
    -3, -5, -5, -3, -4, -3, -8, -3,
    -1, -8, -1, -2, -2, -2, -2, -2,
    -1, -2, -1, -1, -1, -8, -1, -2,
    -2, -2, -2, -2, -1, -2, -1, -1,
    -1, -10, -2, -2, -7, -2, -1, -1,
    -1, -1, -1, -1, -1, -1, -1, -2,
    -1, -2, -1, -1, -1, -1, -2, -1,
    -1, -3, -4, -7, -13, 1, -9, 3,
    -5, 3, -3, 2, -9, -2, -9, -11,
    -11, 2, 3, -2, -9, -9, -9, -9,
    -9, -9, -14, -9, -2, -2, -7, 3,
    -5, -25, -25, -5, -28, -15, -3, -7,
    -21, -5, -6, -15, -1, -5, -5, -51,
    -19, -44, -19, -37, -31, -1, -1, -35,
    -13, 2, -1, -8, -1, -2, -2, -2,
    -2, -2, -1, -2, -1, -1, -1, -8,
    -1, -2, -2, -2, -2, -2, -1, -2,
    -1, -1, -1, -16, -4, -4, -10, -4,
    -2, -3, -5, -5, -7, -3, -9, -4,
    -10, -10, -1, -1, -6, -10, -4, -16,
    -14, -14, -17, -29, -3, -12, -2, -5,
    -9, -8, -1, -1, -2, -9, -10, -4,
    -4, -10, -4, -2, -3, -5, -5, -7,
    -3, -9, -4, -10, -10, -1, -1, -6,
    -10, -3, -6, -3, -3, -2, -5, -3,
    -3, -3, -3, -3, -3, -3, -1, -1,
    -2, -2, -2, -12, -4, -4, -3, -2,
    -4, -5, -3, -5, -3, -4, -4, -11,
    -4, -1, -4, -5, -5, -18, -15, -18,
    -24, -3, -2, -4, -9, -9, -14, -12,
    -51, -5, -1, -5, 3, -42, -28, -28,
    -28, -28, -19, -19, -28, -30, -28, -30,
    -25, -11, -13, -13, -13, -17, -13, -18,
    -9, -3, -1, -1, -1, -1, -1, -1,
    -1, -1, -1, -1, -1, -7, -5, -3,
    -18, -9, -18, -25, -5, 5, -3, 6,
    -7, -6, -6, 4, -10, -9, -4, -4,
    -45, -7, -5, -7, -3, 3, 4, 5,
    -30, -18, -18, -18, -2, -18, -15, -15,
    -18, -17, -18, -17, -17, -5, -9, -11,
    -11, -9, -10, -10, 5, -7, -7, -3,
    -7, -10, -2, -4, -2, -2, -3, -4,
    -2, -2, -19, -3, -2, -3, -1, -9,
    -1, -7, -7, -7, -2, -7, -1, -2,
    -2, -1, -1, -5, -5, -7, -6, -7,
    -6, -7, -1, -4, -5, -5, -4, -5,
    -3, -2, -4, -5, -12, -8, 3, -4,
    3, -3, 2, -8, -2, -8, -9, -9,
    1, 2, -3, -8, -8, -8, -8, -8,
    -8, -12, -8, -2, -2, -6, 2, -4,
    -8, -19, -19, -21, -2, -2, -2, -37,
    -17, -3, -3, -3, -3, -2, -2, -3,
    -4, -3, -4, -1, -1, -1, -5, -7,
    -3, -4, -4, -2, -2, -2, -2, -1,
    -1, -2, -2, -6, -4, -1, -1, -3,
    -9, -11, -8, -7, -6, -6, -3, -6,
    -10, -10, 5, 2, -4, -6, -6, -6,
    -6, 58, -6, -6, -8, -8, -3, -3,
    2, -6, -7, -21, -21, -10, -9, -19,
    -8, -5, -4, -8, -7, -7, -7, -10,
    -10, -24, -12, -25, -10, -21, -5, -3,
    -3, -3, -3, -5, -3, -3, -13, -5,
    1, -4, -2, -2, -14, -3, -8, -14,
    -6, -1, -9, -1, -6, -2, -2, -14,
    -3, -8, -15, -6, -1, -9, -1, -6,
    -9, -9, -2, -2, -2, -2, -2, -2,
    -2, -5, -5, -2, -19, -11, -11, -11,
    -5, -12, -11, -2, -10, -11, -4, -21,
    -21, -21, -21, -1, -1, -1, -1, -1,
    -1, -1, -1, -3, -3, -9, -15, -1,
    -3, -3, -10, -9, -15, -1, -4, -4,
    -4, -9, -5, -9, -9, -9, -9, -9,
    -9, -9, -3, -5, -5, -5, -9, -6,
    -6, -6, -10, -4, -3, -3, -10, -9,
    -15, -1, -4, -4, -10, -3, -11, -16,
    -8, -2, -2, -14, -3, -8, -15, -6,
    -1, -9, -1, -6, -2, -2, -14, -3,
    -8, -15, -6, -1, -9, -1, -6, -3,
    -3, -9, -15, -1, -4, -17, -21, -21,
    -21, -6, -9, -21, -1, -1, -1, -1,
    -1, -1, -1, -1, -9, -3, -3, -12,
    -5, -2, -8, -14, -4, -4, -6, -4,
    -4, -17, -14, -14, -18, -6, -9, -15,
    -1, -1, -1, -1, -1, -1, -1, -1,
    -9, -12, -3, -10, -3, -3, -5, -16,
    -16, -19, -8, -5, -17, -17, -20, -11,
    -2, -3, 2, -9, 1, -8, 2, -7,
    -2, -9, -9, -9, -9, -2, -9, -9,
    -2, -2, 2, -4, -10, -8, -2, -3,
    -10, -1, -1, -1, -1, -1, -1, -9,
    -11, -8, -7, -6, -6, -3, -6, -10,
    -10, 5, 2, -4, -6, -6, -6, -6,
    58, -6, -6, -8, -8, -3, -3, 2,
    -6, -8, 50, -13, -7, -8
};

/*Collect the kern pair's data in one place*/
static const lv_font_fmt_txt_kern_pair_t kern_pairs =
{
    .glyph_ids = kern_pair_glyph_ids,
    .values = kern_pair_values,
    .pair_cnt = 1198,
    .glyph_ids_size = 0
};

/*--------------------
 *  ALL CUSTOM DATA
 *--------------------*/

#if LVGL_VERSION_MAJOR == 8
/*Store all the custom data of the font*/
static  lv_font_fmt_txt_glyph_cache_t cache;
#endif

#if LVGL_VERSION_MAJOR >= 8
static const lv_font_fmt_txt_dsc_t font_dsc = {
#else
static lv_font_fmt_txt_dsc_t font_dsc = {
#endif
    .glyph_bitmap = glyph_bitmap,
    .glyph_dsc = glyph_dsc,
    .cmaps = cmaps,
    .kern_dsc = &kern_pairs,
    .kern_scale = 16,
    .cmap_num = 1,
    .bpp = 4,
    .kern_classes = 0,
    .bitmap_format = 0,
#if LVGL_VERSION_MAJOR == 8
    .cache = &cache
#endif

};



/*-----------------
 *  PUBLIC FONT
 *----------------*/

/*Initialize a public general font descriptor*/
#if LVGL_VERSION_MAJOR >= 8
const lv_font_t convex32 = {
#else
lv_font_t convex32 = {
#endif
    .get_glyph_dsc = lv_font_get_glyph_dsc_fmt_txt,    /*Function pointer to get glyph's data*/
    .get_glyph_bitmap = lv_font_get_bitmap_fmt_txt,    /*Function pointer to get glyph's bitmap*/
    .line_height = 34,          /*The maximum line height required by the font*/
    .base_line = 7,             /*Baseline measured from the bottom of the line*/
#if !(LVGL_VERSION_MAJOR == 6 && LVGL_VERSION_MINOR == 0)
    .subpx = LV_FONT_SUBPX_NONE,
#endif
#if LV_VERSION_CHECK(7, 4, 0) || LVGL_VERSION_MAJOR >= 8
    .underline_position = -2,
    .underline_thickness = 2,
#endif
    .static_bitmap = 0,
    .dsc = &font_dsc,          /*The custom font data. Will be accessed by `get_glyph_bitmap/dsc` */
#if LV_VERSION_CHECK(8, 2, 0) || LVGL_VERSION_MAJOR >= 9
    .fallback = NULL,
#endif
    .user_data = NULL,
};



#endif /*#if CONVEX32*/
